Input Query,Input Expected Name,Actual Product Name,Input Expected SKU,Actual SKU,Input Expected Position,Actual Position,Position Match,First Page Count,First Page Coverage %
"123 block","All Industrial 55510 | 1 Pair Ultra Precision TiN Coated 1-2-3 Blocks","All Industrial 55510 | 1 Pair Ultra Precision TiN Coated 1-2-3 Blocks","30023443","30023443","1","1","Match","8 of 24","33.3%"
"123 block","All Industrial 55525 | Matched Pair Ultra Precision 1-2-3 Blocks No Holes 0.0001"" Machinist 123 Jig","All Industrial 55525 | Matched Pair Ultra Precision 1-2-3 Blocks No Holes 0.0001"" Machinist 123 Jig","30000214","30000214","2","2","Match","8 of 24","33.3%"
"123 block","All Industrial 55500 | 1 Matched Pair Ultra Precision 1-2-3 Blocks 23 Holes 0.0002"" Machinist 123 Jig","All Industrial 55500 | 1 Matched Pair Ultra Precision 1-2-3 Blocks 23 Holes 0.0002"" Machinist 123 Jig","30000212","30000212","3","3","Match","8 of 24","33.3%"
"123 block","All Industrial 55550 | 8pc Precision 123 Blocks and Screw Clamping Set","All Industrial 55550 | 8pc Precision 123 Blocks and Screw Clamping Set","30023446","30023446","4","4","Match","8 of 24","33.3%"
"123 block","Colton Industrial Tools 10075 | Magnetic 123 Blocks Ultra Precision Matched Set","Colton Industrial Tools 10075 | Magnetic 123 Blocks Ultra Precision Matched Set","30027501","30027501","5","5","Match","8 of 24","33.3%"
"123 block","All Industrial 55502 | 1-2-3 Blocks with Case 23 Hole Ultra Precision 0.0001"" Tolerance","All Industrial 55502 | 1-2-3 Blocks with Case 23 Hole Ultra Precision 0.0001"" Tolerance","30023618","30023618","6","6","Match","8 of 24","33.3%"
"123 block","All Industrial 1-2-3 Block Pair 23 Hole and 1/8 10 pc.Thin Parallel Set","All Industrial 1-2-3 Block Pair 23 Hole and 1/8 10 pc.Thin Parallel Set","30050501","30050501","7","7","Match","8 of 24","33.3%"
"123 block","Colton Industrial Tools 10078 | High Precision 1-2-3 Block Set 23 Holes and Cap Bolts","Colton Industrial Tools 10078 | High Precision 1-2-3 Block Set 23 Holes and Cap Bolts","30051133","30051133","8","8","Match","8 of 24","33.3%"
"123 block","","3M 7100256625 | Hookit 5-1/4"" Length x 2-5/8"" Width Sanding Blocks","","45059581","9","","","8 of 24","33.3%"
"123 block","","3M 7100260505 | 35825 Hookit 5-1/4"" Length x 2-5/8"" Width Sanding Blocks","","45033272","10","","","8 of 24","33.3%"
"123 block","","3M 7100256624 | 35828 Hookit 16"" Length x 2-5/8"" Width Sanding Blocks","","45033234","11","","","8 of 24","33.3%"
"123 block","","3M 7100256499 | 35832 Hookit 10-3/4"" Length x 2-5/8"" Width Sanding Blocks","","45033232","12","","","8 of 24","33.3%"
"123 block","","3M 7100256623 | 35827 Hookit 10-3/4"" Length x 2-5/8"" Width Sanding Blocks","","45059580","13","","","8 of 24","33.3%"
"123 block","","3M 7000045660 | 45204 Stikit 8-15/16"" Length x 6-1/2"" Width Sanding Blocks","","45056298","14","","","8 of 24","33.3%"
"123 block","","3M 7000028350 | 45203 Stikit 2-1/2"" Length x 2-1/2"" Width Sanding Blocks","","45053354","15","","","8 of 24","33.3%"
"123 block","","STM 225710 | 4"" OAL x 3-1/2"" Width V-Block","","30122314","16","","","8 of 24","33.3%"
"123 block","","STM 231078 | 2-3/4"" OAL x 2-1/2"" Width V-Block","","30122363","17","","","8 of 24","33.3%"
"123 block","","STM 231082 | 3-19/32"" OAL x 1-7/8"" Width V-Block","","30122364","18","","","8 of 24","33.3%"
"123 block","","STM 231088 | 3-3/16"" OAL x 2-3/8"" Width V-Block","","30122367","19","","","8 of 24","33.3%"
"123 block","","STM 231090 | 3-3/16"" OAL x 2-3/8"" Width V-Block","","30122368","20","","","8 of 24","33.3%"
"123 block","","STM 231120 | 120 OAL x 35.00mm Width V-Block","","30122381","21","","","8 of 24","33.3%"
"123 block","","STM 370556 | 2"" OAL x 1-7/8"" Width V-Block","","30122729","22","","","8 of 24","33.3%"
"123 block","","STM 231072 | 1-19/32"" OAL x 1-1/4"" Width V-Block","","30122360","23","","","8 of 24","33.3%"
"123 block","","STM 231076 | 2-3/4"" OAL x 1-3/4"" Width V-Block","","30122362","24","","","8 of 24","33.3%"


"boring bar","Parlec CB06-7.3C05100 | Boring Bar","Harvey Tool 29120L | 0.1200"" Minimum Bore x 3/4"" Maximum Bore x 1/8"" Shank x 2"" OAL Uncoated Boring Bars","55012020","25104335","1","65","Mismatch","0 of 24","0.0%"
"boring bar","Korloy 1-06-017009 | Indexable Boring Bar","Harvey Tool 29030 | 1/32"" Minimum Bore x 5/32"" Maximum Bore x 1/8"" Shank x 1-1/2"" OAL Uncoated Solid Carbide Boring Bars","23356827","25104313","2","66","Mismatch","0 of 24","0.0%"
"boring bar","Korloy 1-06-013874 | Indexable Boring Bar","Harvey Tool 29035 | 0.0360"" Minimum Bore x 5/32"" Maximum Bore x 1/8"" Shank x 1-1/2"" OAL Uncoated Solid Carbide Boring Bars","23356830","25104289","3","67","Mismatch","0 of 24","0.0%"
"boring bar","Korloy 1-06-017008 | Indexable Boring Bar","Harvey Tool 29040 | 0.0420"" Minimum Bore x 1/4"" Maximum Bore x 1/8"" Shank x 1-1/2"" OAL Uncoated Solid Carbide Boring Bars","23356831","25104290","4","68","Mismatch","0 of 24","0.0%"
"boring bar","Korloy 1-06-013876 | Indexable Boring Bar","Harvey Tool 29050 | 0.0520"" Minimum Bore x 5/16"" Maximum Bore x 1/8"" Shank x 1-1/2"" OAL Uncoated Solid Carbide Boring Bars","23356833","25104327","5","69","Mismatch","0 of 24","0.0%"
"boring bar","Korloy 1-06-013894 | Indexable Boring Bar","Harvey Tool 29060 | 1/16"" Minimum Bore x 3/8"" Maximum Bore x 1/8"" Shank x 1-1/2"" OAL Uncoated Solid Carbide Boring Bars","23356855","25104315","6","70","Mismatch","0 of 24","0.0%"
"boring bar","Korloy 1-06-013932 | Indexable Boring Bar","Harvey Tool 29070 | 0.0720"" Minimum Bore x 7/16"" Maximum Bore x 1/8"" Shank x 1-1/2"" OAL Uncoated Solid Carbide Boring Bars","23356881","25104292","7","71","Mismatch","0 of 24","0.0%"
"boring bar","Korloy 1-06-013933 | Indexable Boring Bar","Harvey Tool 29060L | 1/16"" Minimum Bore x 1/2"" Maximum Bore x 1/8"" Shank x 1-1/2"" OAL Uncoated Solid Carbide Boring Bars","23356882","25104329","8","72","Mismatch","0 of 24","0.0%"
"boring bar","Korloy 1-06-021167 | Indexable Boring Bar","Harvey Tool 29080 | 0.0820"" Minimum Bore x 1/2"" Maximum Bore x 1/8"" Shank x 1-1/2"" OAL Uncoated Solid Carbide Boring Bars","23356906","25104307","9","73","Mismatch","0 of 24","0.0%"
"boring bar","Korloy 1-06-041482 | Indexable Boring Bar","Harvey Tool 29085 | 0.0870"" Minimum Bore x 1/2"" Maximum Bore x 1/8"" Shank x 1-1/2"" OAL Uncoated Solid Carbide Boring Bars","23356927","25104293","10","74","Mismatch","0 of 24","0.0%"
"boring bar","Korloy 1-06-041487 | Indexable Boring Bar","Harvey Tool 29090 | 0.0920"" Minimum Bore x 1/2"" Maximum Bore x 1/8"" Shank x 1-1/2"" OAL Uncoated Solid Carbide Boring Bars","23356932","25104295","11","75","Mismatch","0 of 24","0.0%"
"boring bar","Korloy 1-06-041491 | Indexable Boring Bar","Harvey Tool 29110 | 0.1120"" Minimum Bore x 9/16"" Maximum Bore x 1/8"" Shank x 1-1/2"" OAL Uncoated Solid Carbide Boring Bars","23356946","25104319","12","76","Mismatch","0 of 24","0.0%"
"boring bar","Korloy 1-06-016874 | Indexable Boring Bar","Harvey Tool 29120 | 0.1200"" Minimum Bore x 5/8"" Maximum Bore x 1/8"" Shank x 1-1/2"" OAL Uncoated Solid Carbide Boring Bars","23356947","25104333","13","77","Mismatch","0 of 24","0.0%"
"boring bar","Korloy 1-06-016875 | Indexable Boring Bar","Harvey Tool 29085L | 0.0870"" Minimum Bore x 5/8"" Maximum Bore x 1/8"" Shank x 2"" OAL Uncoated Solid Carbide Boring Bars","23356949","25104294","14","78","Mismatch","0 of 24","0.0%"
"boring bar","Korloy 1-06-041493 | Indexable Boring Bar","Harvey Tool 29090L | 0.0920"" Minimum Bore x 5/8"" Maximum Bore x 1/8"" Shank x 2"" OAL Uncoated Solid Carbide Boring Bars","23356950","25104318","15","79","Mismatch","0 of 24","0.0%"
"boring bar","Korloy 1-06-041495 | Indexable Boring Bar","Harvey Tool 29100L | 0.1020"" Minimum Bore x 5/8"" Maximum Bore x 1/8"" Shank x 2"" OAL Uncoated Solid Carbide Boring Bars","23356952","25104330","16","80","Mismatch","0 of 24","0.0%"
"boring bar","Korloy 1-06-041497 | Indexable Boring Bar","Harvey Tool 29110L | 0.1120"" Minimum Bore x 5/8"" Maximum Bore x 1/8"" Shank x 2"" OAL Uncoated Solid Carbide Boring Bars","23356954","25104332","17","81","Mismatch","0 of 24","0.0%"
"boring bar","Korloy 1-06-041498 | Indexable Boring Bar","Harvey Tool 29135 | 0.1350"" Minimum Bore x 3/4"" Maximum Bore x 5/32"" Shank x 2"" OAL Uncoated Solid Carbide Boring Bars","23356955","25104298","18","82","Mismatch","0 of 24","0.0%"
"boring bar","Korloy 1-06-016872 | Indexable Boring Bar","Harvey Tool 29150 | 0.1500"" Minimum Bore x 3/4"" Maximum Bore x 3/16"" Shank x 2"" OAL Uncoated Solid Carbide Boring Bars","23356960","25104299","19","83","Mismatch","0 of 24","0.0%"
"boring bar","Korloy 1-06-041503 | Indexable Boring Bar","Harvey Tool 29150L | 0.1500"" Minimum Bore x 1"" Maximum Bore x 3/16"" Shank x 2"" OAL Uncoated Solid Carbide Boring Bars","23356961","25104300","20","84","Mismatch","0 of 24","0.0%"
"boring bar","Korloy 1-06-016873 | Indexable Boring Bar","Harvey Tool 29180 | 0.1800"" Minimum Bore x 1"" Maximum Bore x 3/16"" Shank x 2"" OAL Uncoated Solid Carbide Boring Bars","23356962","25104337","21","85","Mismatch","0 of 24","0.0%"
"boring bar","Korloy 1-06-041504 | Indexable Boring Bar","Harvey Tool 29180L | 0.1800"" Minimum Bore x 1-1/2"" Maximum Bore x 3/16"" Shank x 2-1/2"" OAL Uncoated Solid Carbide Boring Bars","23356963","25104310","22","86","Mismatch","0 of 24","0.0%"
"boring bar","Korloy 1-06-041505 | Indexable Boring Bar","Harvey Tool 29210 | 0.2100"" Minimum Bore x 1"" Maximum Bore x 1/4"" Shank x 2"" OAL Uncoated Solid Carbide Boring Bars","23356964","25104322","23","87","Mismatch","0 of 24","0.0%"
"boring bar","Korloy 1-06-041506 | Indexable Boring Bar","Harvey Tool 29240L | 0.2400"" Minimum Bore x 1-1/2"" Maximum Bore x 1/4"" Shank x 2-1/2"" OAL Uncoated Solid Carbide Boring Bars","23356965","25104341","24","88","Mismatch","0 of 24","0.0%"
"boring bar","Korloy 1-06-041507 | Indexable Boring Bar","Harvey Tool 29210XL | 0.2100"" Minimum Bore x 2"" Maximum Bore x 1/4"" Shank x 3"" OAL Uncoated Solid Carbide Boring Bars","23356966","25104339","25","89","Mismatch","0 of 24","0.0%"
"boring bar","Korloy 1-06-041508 | Indexable Boring Bar","Harvey Tool 29300 | 0.3000"" Minimum Bore x 1"" Maximum Bore x 5/16"" Shank x 2-1/2"" OAL Uncoated Solid Carbide Boring Bars","23356967","25104304","26","90","Mismatch","0 of 24","0.0%"
"boring bar","Korloy 1-06-016622 | Indexable Boring Bar","Harvey Tool 29360 | 0.3600"" Minimum Bore x 2"" Maximum Bore x 3/8"" Shank x 3"" OAL Uncoated Solid Carbide Boring Bars","23357002","25104305","27","91","Mismatch","0 of 24","0.0%"
"boring bar","Korloy 1-06-041517 | Indexable Boring Bar","Harvey Tool 29055 | 0.0570"" Minimum Bore x 5/16"" Maximum Bore x 1/8"" Shank x 1-1/2"" OAL Uncoated Solid Carbide Boring Bars","23357003","25104328","28","92","Mismatch","0 of 24","0.0%"
"boring bar","Korloy 1-06-041520 | Indexable Boring Bar","Harvey Tool 29100 | 0.1020"" Minimum Bore x 9/16"" Maximum Bore x 1/8"" Shank x 1-1/2"" OAL Uncoated Solid Carbide Boring Bars","23357005","25104309","29","93","Mismatch","0 of 24","0.0%"
"boring bar","Korloy 1-06-041523 | Indexable Boring Bar","Harvey Tool 29150XL | 0.1500"" Minimum Bore x 1-1/2"" Maximum Bore x 3/16"" Shank x 2-1/2"" OAL Uncoated Solid Carbide Boring Bars","23357009","25104302","30","94","Mismatch","0 of 24","0.0%"
"boring bar","Korloy 1-06-041525 | Indexable Boring Bar","Harvey Tool 29180XL | 0.1800"" Minimum Bore x 2"" Maximum Bore x 3/16"" Shank x 3"" OAL Uncoated Solid Carbide Boring Bars","23357010","25104311","31","95","Mismatch","0 of 24","0.0%"
"boring bar","Korloy 1-06-041526 | Indexable Boring Bar","Harvey Tool 29240 | 0.2400"" Minimum Bore x 1"" Maximum Bore x 1/4"" Shank x 2"" OAL Uncoated Solid Carbide Boring Bars","23357012","25104325","32","96","Mismatch","0 of 24","0.0%"
"boring bar","Korloy 1-06-016621 | Indexable Boring Bar","Harvey Tool 29210L | 0.2100"" Minimum Bore x 1-1/2"" Maximum Bore x 1/4"" Shank x 2-1/2"" OAL Uncoated Solid Carbide Boring Bars","23357013","25104323","33","97","Mismatch","0 of 24","0.0%"
"boring bar","Korloy 1-06-018491 | Indexable Boring Bar","Harvey Tool 29240XL | 0.2400"" Minimum Bore x 2"" Maximum Bore x 1/4"" Shank x 3"" OAL Uncoated Solid Carbide Boring Bars","23357014","25104343","34","98","Mismatch","0 of 24","0.0%"
"boring bar","Korloy 1-06-041529 | Indexable Boring Bar","Harvey Tool 29050-C3 | 0.0520"" Minimum Bore x 5/16"" Maximum Bore x 1/8"" Shank x 1-1/2"" OAL AlTiN Coated Solid Carbide Boring Bars","23357016","25104291","35","99","Mismatch","0 of 24","0.0%"
"boring bar","Korloy 1-06-041527 | Indexable Boring Bar","Harvey Tool 29060-C3 | 1/16"" Minimum Bore x 3/8"" Maximum Bore x 1/8"" Shank x 1-1/2"" OAL AlTiN Coated Solid Carbide Boring Bars","23357017","25104306","36","100","Mismatch","0 of 24","0.0%"
"boring bar","Harvey Tool 29120L | 0.1200"" Minimum Bore x 3/4"" Maximum Bore x 1/8"" Shank x 2"" OAL Uncoated Boring Bars","Harvey Tool 29070-C3 | 0.0720"" Minimum Bore x 7/16"" Maximum Bore x 1/8"" Shank x 1-1/2"" OAL AlTiN Coated Solid Carbide Boring Bars","25104335","25104317","37","1","Mismatch","0 of 24","0.0%"
"boring bar","Harvey Tool 29030 | 1/32"" Minimum Bore x 5/32"" Maximum Bore x 1/8"" Shank x 1-1/2"" OAL Uncoated Solid Carbide Boring Bars","Harvey Tool 29090-C3 | 0.0920"" Minimum Bore x 1/2"" Maximum Bore x 1/8"" Shank x 1-1/2"" OAL AlTiN Coated Solid Carbide Boring Bars","25104313","25104308","38","2","Mismatch","0 of 24","0.0%"
"boring bar","Harvey Tool 29035 | 0.0360"" Minimum Bore x 5/32"" Maximum Bore x 1/8"" Shank x 1-1/2"" OAL Uncoated Solid Carbide Boring Bars","Harvey Tool 29100-C3 | 0.1020"" Minimum Bore x 9/16"" Maximum Bore x 1/8"" Shank x 1-1/2"" OAL AlTiN Coated Solid Carbide Boring Bars","25104289","25104346","39","3","Mismatch","0 of 24","0.0%"
"boring bar","Harvey Tool 29040 | 0.0420"" Minimum Bore x 1/4"" Maximum Bore x 1/8"" Shank x 1-1/2"" OAL Uncoated Solid Carbide Boring Bars","Harvey Tool 29110-C3 | 0.1120"" Minimum Bore x 9/16"" Maximum Bore x 1/8"" Shank x 1-1/2"" OAL AlTiN Coated Solid Carbide Boring Bars","25104290","25104331","40","4","Mismatch","0 of 24","0.0%"
"boring bar","Harvey Tool 29050 | 0.0520"" Minimum Bore x 5/16"" Maximum Bore x 1/8"" Shank x 1-1/2"" OAL Uncoated Solid Carbide Boring Bars","Harvey Tool 29090L-C3 | 0.0920"" Minimum Bore x 5/8"" Maximum Bore x 1/8"" Shank x 2"" OAL AlTiN Coated Solid Carbide Boring Bars","25104327","25104345","41","5","Mismatch","0 of 24","0.0%"
"boring bar","Harvey Tool 29060 | 1/16"" Minimum Bore x 3/8"" Maximum Bore x 1/8"" Shank x 1-1/2"" OAL Uncoated Solid Carbide Boring Bars","Harvey Tool 29100L-C3 | 0.1020"" Minimum Bore x 5/8"" Maximum Bore x 1/8"" Shank x 2"" OAL AlTiN Coated Solid Carbide Boring Bars","25104315","25104347","42","6","Mismatch","0 of 24","0.0%"
"boring bar","Harvey Tool 29070 | 0.0720"" Minimum Bore x 7/16"" Maximum Bore x 1/8"" Shank x 1-1/2"" OAL Uncoated Solid Carbide Boring Bars","Harvey Tool 29110L-C3 | 0.1120"" Minimum Bore x 5/8"" Maximum Bore x 1/8"" Shank x 2"" OAL AlTiN Coated Solid Carbide Boring Bars","25104292","25104296","43","7","Mismatch","0 of 24","0.0%"
"boring bar","Harvey Tool 29060L | 1/16"" Minimum Bore x 1/2"" Maximum Bore x 1/8"" Shank x 1-1/2"" OAL Uncoated Solid Carbide Boring Bars","Harvey Tool 29120L-C3 | 0.1200"" Minimum Bore x 3/4"" Maximum Bore x 1/8"" Shank x 2"" OAL AlTiN Coated Solid Carbide Boring Bars","25104329","25104297","44","8","Mismatch","0 of 24","0.0%"
"boring bar","Harvey Tool 29080 | 0.0820"" Minimum Bore x 1/2"" Maximum Bore x 1/8"" Shank x 1-1/2"" OAL Uncoated Solid Carbide Boring Bars","Harvey Tool 29135-C3 | 0.1350"" Minimum Bore x 3/4"" Maximum Bore x 5/32"" Shank x 2"" OAL AlTiN Coated Solid Carbide Boring Bars","25104307","25104348","45","9","Mismatch","0 of 24","0.0%"
"boring bar","Harvey Tool 29085 | 0.0870"" Minimum Bore x 1/2"" Maximum Bore x 1/8"" Shank x 1-1/2"" OAL Uncoated Solid Carbide Boring Bars","Harvey Tool 29150-C3 | 0.1500"" Minimum Bore x 3/4"" Maximum Bore x 3/16"" Shank x 2"" OAL AlTiN Coated Solid Carbide Boring Bars","25104293","25104320","46","10","Mismatch","0 of 24","0.0%"
"boring bar","Harvey Tool 29090 | 0.0920"" Minimum Bore x 1/2"" Maximum Bore x 1/8"" Shank x 1-1/2"" OAL Uncoated Solid Carbide Boring Bars","Harvey Tool 29150L-C3 | 0.1500"" Minimum Bore x 1"" Maximum Bore x 3/16"" Shank x 2"" OAL AlTiN Coated Solid Carbide Boring Bars","25104295","25104301","47","11","Mismatch","0 of 24","0.0%"
"boring bar","Harvey Tool 29110 | 0.1120"" Minimum Bore x 9/16"" Maximum Bore x 1/8"" Shank x 1-1/2"" OAL Uncoated Solid Carbide Boring Bars","Harvey Tool 29150XL-C3 | 0.1500"" Minimum Bore x 1-1/2"" Maximum Bore x 3/16"" Shank x 2-1/2"" OAL AlTiN Coated Solid Carbide Boring Bars","25104319","25104336","48","12","Mismatch","0 of 24","0.0%"
"boring bar","Harvey Tool 29120 | 0.1200"" Minimum Bore x 5/8"" Maximum Bore x 1/8"" Shank x 1-1/2"" OAL Uncoated Solid Carbide Boring Bars","Harvey Tool 29180L-C3 | 0.1800"" Minimum Bore x 1-1/2"" Maximum Bore x 3/16"" Shank x 2-1/2"" OAL AlTiN Coated Solid Carbide Boring Bars","25104333","25104321","49","13","Mismatch","0 of 24","0.0%"
"boring bar","Harvey Tool 29085L | 0.0870"" Minimum Bore x 5/8"" Maximum Bore x 1/8"" Shank x 2"" OAL Uncoated Solid Carbide Boring Bars","Harvey Tool 29240-C3 | 0.2400"" Minimum Bore x 1"" Maximum Bore x 1/4"" Shank x 2"" OAL AlTiN Coated Solid Carbide Boring Bars","25104294","25104340","50","14","Mismatch","0 of 24","0.0%"
"boring bar","Harvey Tool 29090L | 0.0920"" Minimum Bore x 5/8"" Maximum Bore x 1/8"" Shank x 2"" OAL Uncoated Solid Carbide Boring Bars","Harvey Tool 29240L-C3 | 0.2400"" Minimum Bore x 1-1/2"" Maximum Bore x 1/4"" Shank x 2-1/2"" OAL AlTiN Coated Solid Carbide Boring Bars","25104318","25104342","51","15","Mismatch","0 of 24","0.0%"
"boring bar","Harvey Tool 29100L | 0.1020"" Minimum Bore x 5/8"" Maximum Bore x 1/8"" Shank x 2"" OAL Uncoated Solid Carbide Boring Bars","Harvey Tool 29300-C3 | 0.3000"" Minimum Bore x 1"" Maximum Bore x 5/16"" Shank x 2-1/2"" OAL AlTiN Coated Solid Carbide Boring Bars","25104330","25104350","52","16","Mismatch","0 of 24","0.0%"
"boring bar","Harvey Tool 29110L | 0.1120"" Minimum Bore x 5/8"" Maximum Bore x 1/8"" Shank x 2"" OAL Uncoated Solid Carbide Boring Bars","Harvey Tool 29360-C3 | 0.3600"" Minimum Bore x 2"" Maximum Bore x 3/8"" Shank x 3"" OAL AlTiN Coated Solid Carbide Boring Bars","25104332","25104351","53","17","Mismatch","0 of 24","0.0%"
"boring bar","Harvey Tool 29135 | 0.1350"" Minimum Bore x 3/4"" Maximum Bore x 5/32"" Shank x 2"" OAL Uncoated Solid Carbide Boring Bars","Harvey Tool 29030-C3 | 1/32"" Minimum Bore x 5/32"" Maximum Bore x 1/8"" Shank x 1-1/2"" OAL AlTiN Coated Solid Carbide Boring Bars","25104298","25104314","54","18","Mismatch","0 of 24","0.0%"
"boring bar","Harvey Tool 29150 | 0.1500"" Minimum Bore x 3/4"" Maximum Bore x 3/16"" Shank x 2"" OAL Uncoated Solid Carbide Boring Bars","Harvey Tool 29040-C3 | 0.0420"" Minimum Bore x 1/4"" Maximum Bore x 1/8"" Shank x 1-1/2"" OAL AlTiN Coated Solid Carbide Boring Bars","25104299","25104326","55","19","Mismatch","0 of 24","0.0%"
"boring bar","Harvey Tool 29150L | 0.1500"" Minimum Bore x 1"" Maximum Bore x 3/16"" Shank x 2"" OAL Uncoated Solid Carbide Boring Bars","Harvey Tool 29060L-C3 | 1/16"" Minimum Bore x 1/2"" Maximum Bore x 1/8"" Shank x 1-1/2"" OAL AlTiN Coated Solid Carbide Boring Bars","25104300","25104316","56","20","Mismatch","0 of 24","0.0%"
"boring bar","Harvey Tool 29180 | 0.1800"" Minimum Bore x 1"" Maximum Bore x 3/16"" Shank x 2"" OAL Uncoated Solid Carbide Boring Bars","Harvey Tool 29120-C3 | 0.1200"" Minimum Bore x 5/8"" Maximum Bore x 1/8"" Shank x 1-1/2"" OAL AlTiN Coated Solid Carbide Boring Bars","25104337","25104334","57","21","Mismatch","0 of 24","0.0%"
"boring bar","Harvey Tool 29180L | 0.1800"" Minimum Bore x 1-1/2"" Maximum Bore x 3/16"" Shank x 2-1/2"" OAL Uncoated Solid Carbide Boring Bars","Harvey Tool 29180-C3 | 0.1800"" Minimum Bore x 1"" Maximum Bore x 3/16"" Shank x 2"" OAL AlTiN Coated Solid Carbide Boring Bars","25104310","25104303","58","22","Mismatch","0 of 24","0.0%"
"boring bar","Harvey Tool 29210 | 0.2100"" Minimum Bore x 1"" Maximum Bore x 1/4"" Shank x 2"" OAL Uncoated Solid Carbide Boring Bars","Harvey Tool 29180XL-C3 | 0.1800"" Minimum Bore x 2"" Maximum Bore x 3/16"" Shank x 3"" OAL AlTiN Coated Solid Carbide Boring Bars","25104322","25104312","59","23","Mismatch","0 of 24","0.0%"
"boring bar","Harvey Tool 29240L | 0.2400"" Minimum Bore x 1-1/2"" Maximum Bore x 1/4"" Shank x 2-1/2"" OAL Uncoated Solid Carbide Boring Bars","Harvey Tool 29210-C3 | 0.2100"" Minimum Bore x 1"" Maximum Bore x 1/4"" Shank x 2"" OAL AlTiN Coated Solid Carbide Boring Bars","25104341","25104338","60","24","Mismatch","0 of 24","0.0%"
"boring bar","Harvey Tool 29210XL | 0.2100"" Minimum Bore x 2"" Maximum Bore x 1/4"" Shank x 3"" OAL Uncoated Solid Carbide Boring Bars","Harvey Tool 29210L-C3 | 0.2100"" Minimum Bore x 1-1/2"" Maximum Bore x 1/4"" Shank x 2-1/2"" OAL AlTiN Coated Solid Carbide Boring Bars","25104339","25104324","61","25","Mismatch","0 of 24","0.0%"
"boring bar","Harvey Tool 29300 | 0.3000"" Minimum Bore x 1"" Maximum Bore x 5/16"" Shank x 2-1/2"" OAL Uncoated Solid Carbide Boring Bars","Harvey Tool 29210XL-C3 | 0.2100"" Minimum Bore x 2"" Maximum Bore x 1/4"" Shank x 3"" OAL AlTiN Coated Solid Carbide Boring Bars","25104304","25104349","62","26","Mismatch","0 of 24","0.0%"
"boring bar","Harvey Tool 29360 | 0.3600"" Minimum Bore x 2"" Maximum Bore x 3/8"" Shank x 3"" OAL Uncoated Solid Carbide Boring Bars","Harvey Tool 29240XL-C3 | 0.2400"" Minimum Bore x 2"" Maximum Bore x 1/4"" Shank x 3"" OAL AlTiN Coated Solid Carbide Boring Bars","25104305","25104344","63","27","Mismatch","0 of 24","0.0%"
"boring bar","Harvey Tool 29055 | 0.0570"" Minimum Bore x 5/16"" Maximum Bore x 1/8"" Shank x 1-1/2"" OAL Uncoated Solid Carbide Boring Bars","Harvey Tool 29085L-C3 | 0.0870"" (2.2 mm) Min Bore Diameter x 0.6250"" (5/8) Max Bore Diameter x 0.1250"" (1/8) Shank x 2.0000"" (2) OAL AlTiN Coated Carbide Boring Bars","25104328","25232476","64","28","Mismatch","0 of 24","0.0%"
"boring bar","Harvey Tool 29100 | 0.1020"" Minimum Bore x 9/16"" Maximum Bore x 1/8"" Shank x 1-1/2"" OAL Uncoated Solid Carbide Boring Bars","Parlec CB06-7.3C05100 | Boring Bar","25104309","55012020","65","29","Mismatch","0 of 24","0.0%"
"boring bar","Harvey Tool 29150XL | 0.1500"" Minimum Bore x 1-1/2"" Maximum Bore x 3/16"" Shank x 2-1/2"" OAL Uncoated Solid Carbide Boring Bars","Korloy 1-06-017009 | Indexable Boring Bar","25104302","23356827","66","30","Mismatch","0 of 24","0.0%"
"boring bar","Harvey Tool 29180XL | 0.1800"" Minimum Bore x 2"" Maximum Bore x 3/16"" Shank x 3"" OAL Uncoated Solid Carbide Boring Bars","Korloy 1-06-013874 | Indexable Boring Bar","25104311","23356830","67","31","Mismatch","0 of 24","0.0%"
"boring bar","Harvey Tool 29240 | 0.2400"" Minimum Bore x 1"" Maximum Bore x 1/4"" Shank x 2"" OAL Uncoated Solid Carbide Boring Bars","Korloy 1-06-017008 | Indexable Boring Bar","25104325","23356831","68","32","Mismatch","0 of 24","0.0%"
"boring bar","Harvey Tool 29210L | 0.2100"" Minimum Bore x 1-1/2"" Maximum Bore x 1/4"" Shank x 2-1/2"" OAL Uncoated Solid Carbide Boring Bars","Korloy 1-06-013876 | Indexable Boring Bar","25104323","23356833","69","33","Mismatch","0 of 24","0.0%"
"boring bar","Harvey Tool 29240XL | 0.2400"" Minimum Bore x 2"" Maximum Bore x 1/4"" Shank x 3"" OAL Uncoated Solid Carbide Boring Bars","Korloy 1-06-013894 | Indexable Boring Bar","25104343","23356855","70","34","Mismatch","0 of 24","0.0%"
"boring bar","Harvey Tool 29050-C3 | 0.0520"" Minimum Bore x 5/16"" Maximum Bore x 1/8"" Shank x 1-1/2"" OAL AlTiN Coated Solid Carbide Boring Bars","Korloy 1-06-013932 | Indexable Boring Bar","25104291","23356881","71","35","Mismatch","0 of 24","0.0%"
"boring bar","Harvey Tool 29060-C3 | 1/16"" Minimum Bore x 3/8"" Maximum Bore x 1/8"" Shank x 1-1/2"" OAL AlTiN Coated Solid Carbide Boring Bars","Korloy 1-06-013933 | Indexable Boring Bar","25104306","23356882","72","36","Mismatch","0 of 24","0.0%"
"boring bar","Harvey Tool 29070-C3 | 0.0720"" Minimum Bore x 7/16"" Maximum Bore x 1/8"" Shank x 1-1/2"" OAL AlTiN Coated Solid Carbide Boring Bars","Korloy 1-06-021167 | Indexable Boring Bar","25104317","23356906","73","37","Mismatch","0 of 24","0.0%"
"boring bar","Harvey Tool 29090-C3 | 0.0920"" Minimum Bore x 1/2"" Maximum Bore x 1/8"" Shank x 1-1/2"" OAL AlTiN Coated Solid Carbide Boring Bars","Korloy 1-06-041482 | Indexable Boring Bar","25104308","23356927","74","38","Mismatch","0 of 24","0.0%"
"boring bar","Harvey Tool 29100-C3 | 0.1020"" Minimum Bore x 9/16"" Maximum Bore x 1/8"" Shank x 1-1/2"" OAL AlTiN Coated Solid Carbide Boring Bars","Korloy 1-06-041487 | Indexable Boring Bar","25104346","23356932","75","39","Mismatch","0 of 24","0.0%"
"boring bar","Harvey Tool 29110-C3 | 0.1120"" Minimum Bore x 9/16"" Maximum Bore x 1/8"" Shank x 1-1/2"" OAL AlTiN Coated Solid Carbide Boring Bars","Korloy 1-06-041491 | Indexable Boring Bar","25104331","23356946","76","40","Mismatch","0 of 24","0.0%"
"boring bar","Harvey Tool 29090L-C3 | 0.0920"" Minimum Bore x 5/8"" Maximum Bore x 1/8"" Shank x 2"" OAL AlTiN Coated Solid Carbide Boring Bars","Korloy 1-06-016874 | Indexable Boring Bar","25104345","23356947","77","41","Mismatch","0 of 24","0.0%"
"boring bar","Harvey Tool 29100L-C3 | 0.1020"" Minimum Bore x 5/8"" Maximum Bore x 1/8"" Shank x 2"" OAL AlTiN Coated Solid Carbide Boring Bars","Korloy 1-06-016875 | Indexable Boring Bar","25104347","23356949","78","42","Mismatch","0 of 24","0.0%"
"boring bar","Harvey Tool 29110L-C3 | 0.1120"" Minimum Bore x 5/8"" Maximum Bore x 1/8"" Shank x 2"" OAL AlTiN Coated Solid Carbide Boring Bars","Korloy 1-06-041493 | Indexable Boring Bar","25104296","23356950","79","43","Mismatch","0 of 24","0.0%"
"boring bar","Harvey Tool 29120L-C3 | 0.1200"" Minimum Bore x 3/4"" Maximum Bore x 1/8"" Shank x 2"" OAL AlTiN Coated Solid Carbide Boring Bars","Korloy 1-06-041495 | Indexable Boring Bar","25104297","23356952","80","44","Mismatch","0 of 24","0.0%"
"boring bar","Harvey Tool 29135-C3 | 0.1350"" Minimum Bore x 3/4"" Maximum Bore x 5/32"" Shank x 2"" OAL AlTiN Coated Solid Carbide Boring Bars","Korloy 1-06-041497 | Indexable Boring Bar","25104348","23356954","81","45","Mismatch","0 of 24","0.0%"
"boring bar","Harvey Tool 29150-C3 | 0.1500"" Minimum Bore x 3/4"" Maximum Bore x 3/16"" Shank x 2"" OAL AlTiN Coated Solid Carbide Boring Bars","Korloy 1-06-041498 | Indexable Boring Bar","25104320","23356955","82","46","Mismatch","0 of 24","0.0%"
"boring bar","Harvey Tool 29150L-C3 | 0.1500"" Minimum Bore x 1"" Maximum Bore x 3/16"" Shank x 2"" OAL AlTiN Coated Solid Carbide Boring Bars","Korloy 1-06-016872 | Indexable Boring Bar","25104301","23356960","83","47","Mismatch","0 of 24","0.0%"
"boring bar","Harvey Tool 29150XL-C3 | 0.1500"" Minimum Bore x 1-1/2"" Maximum Bore x 3/16"" Shank x 2-1/2"" OAL AlTiN Coated Solid Carbide Boring Bars","Korloy 1-06-041503 | Indexable Boring Bar","25104336","23356961","84","48","Mismatch","0 of 24","0.0%"
"boring bar","Harvey Tool 29180L-C3 | 0.1800"" Minimum Bore x 1-1/2"" Maximum Bore x 3/16"" Shank x 2-1/2"" OAL AlTiN Coated Solid Carbide Boring Bars","Korloy 1-06-016873 | Indexable Boring Bar","25104321","23356962","85","49","Mismatch","0 of 24","0.0%"
"boring bar","Harvey Tool 29240-C3 | 0.2400"" Minimum Bore x 1"" Maximum Bore x 1/4"" Shank x 2"" OAL AlTiN Coated Solid Carbide Boring Bars","Korloy 1-06-041504 | Indexable Boring Bar","25104340","23356963","86","50","Mismatch","0 of 24","0.0%"
"boring bar","Harvey Tool 29240L-C3 | 0.2400"" Minimum Bore x 1-1/2"" Maximum Bore x 1/4"" Shank x 2-1/2"" OAL AlTiN Coated Solid Carbide Boring Bars","Korloy 1-06-041505 | Indexable Boring Bar","25104342","23356964","87","51","Mismatch","0 of 24","0.0%"
"boring bar","Harvey Tool 29300-C3 | 0.3000"" Minimum Bore x 1"" Maximum Bore x 5/16"" Shank x 2-1/2"" OAL AlTiN Coated Solid Carbide Boring Bars","Korloy 1-06-041506 | Indexable Boring Bar","25104350","23356965","88","52","Mismatch","0 of 24","0.0%"
"boring bar","Harvey Tool 29360-C3 | 0.3600"" Minimum Bore x 2"" Maximum Bore x 3/8"" Shank x 3"" OAL AlTiN Coated Solid Carbide Boring Bars","Korloy 1-06-041507 | Indexable Boring Bar","25104351","23356966","89","53","Mismatch","0 of 24","0.0%"
"boring bar","Harvey Tool 29030-C3 | 1/32"" Minimum Bore x 5/32"" Maximum Bore x 1/8"" Shank x 1-1/2"" OAL AlTiN Coated Solid Carbide Boring Bars","Korloy 1-06-041508 | Indexable Boring Bar","25104314","23356967","90","54","Mismatch","0 of 24","0.0%"
"boring bar","Harvey Tool 29040-C3 | 0.0420"" Minimum Bore x 1/4"" Maximum Bore x 1/8"" Shank x 1-1/2"" OAL AlTiN Coated Solid Carbide Boring Bars","Korloy 1-06-016622 | Indexable Boring Bar","25104326","23357002","91","55","Mismatch","0 of 24","0.0%"
"boring bar","Harvey Tool 29060L-C3 | 1/16"" Minimum Bore x 1/2"" Maximum Bore x 1/8"" Shank x 1-1/2"" OAL AlTiN Coated Solid Carbide Boring Bars","Korloy 1-06-041517 | Indexable Boring Bar","25104316","23357003","92","56","Mismatch","0 of 24","0.0%"
"boring bar","Harvey Tool 29120-C3 | 0.1200"" Minimum Bore x 5/8"" Maximum Bore x 1/8"" Shank x 1-1/2"" OAL AlTiN Coated Solid Carbide Boring Bars","Korloy 1-06-041520 | Indexable Boring Bar","25104334","23357005","93","57","Mismatch","0 of 24","0.0%"
"boring bar","Harvey Tool 29180-C3 | 0.1800"" Minimum Bore x 1"" Maximum Bore x 3/16"" Shank x 2"" OAL AlTiN Coated Solid Carbide Boring Bars","Korloy 1-06-041523 | Indexable Boring Bar","25104303","23357009","94","58","Mismatch","0 of 24","0.0%"
"boring bar","Harvey Tool 29180XL-C3 | 0.1800"" Minimum Bore x 2"" Maximum Bore x 3/16"" Shank x 3"" OAL AlTiN Coated Solid Carbide Boring Bars","Korloy 1-06-041525 | Indexable Boring Bar","25104312","23357010","95","59","Mismatch","0 of 24","0.0%"
"boring bar","Harvey Tool 29210-C3 | 0.2100"" Minimum Bore x 1"" Maximum Bore x 1/4"" Shank x 2"" OAL AlTiN Coated Solid Carbide Boring Bars","Korloy 1-06-041526 | Indexable Boring Bar","25104338","23357012","96","60","Mismatch","0 of 24","0.0%"
"boring bar","Harvey Tool 29210L-C3 | 0.2100"" Minimum Bore x 1-1/2"" Maximum Bore x 1/4"" Shank x 2-1/2"" OAL AlTiN Coated Solid Carbide Boring Bars","Korloy 1-06-016621 | Indexable Boring Bar","25104324","23357013","97","61","Mismatch","0 of 24","0.0%"
"boring bar","Harvey Tool 29210XL-C3 | 0.2100"" Minimum Bore x 2"" Maximum Bore x 1/4"" Shank x 3"" OAL AlTiN Coated Solid Carbide Boring Bars","Korloy 1-06-018491 | Indexable Boring Bar","25104349","23357014","98","62","Mismatch","0 of 24","0.0%"
"boring bar","Harvey Tool 29240XL-C3 | 0.2400"" Minimum Bore x 2"" Maximum Bore x 1/4"" Shank x 3"" OAL AlTiN Coated Solid Carbide Boring Bars","Korloy 1-06-041529 | Indexable Boring Bar","25104344","23357016","99","63","Mismatch","0 of 24","0.0%"
"boring bar","Harvey Tool 29085L-C3 | 0.0870"" (2.2 mm) Min Bore Diameter x 0.6250"" (5/8) Max Bore Diameter x 0.1250"" (1/8) Shank x 2.0000"" (2) OAL AlTiN Coated Carbide Boring Bars","Korloy 1-06-041527 | Indexable Boring Bar","25232476","23357017","100","64","Mismatch","0 of 24","0.0%"
"boring bar","","Korloy 1-06-041535 | Indexable Boring Bar","","23357045","101","","","0 of 24","0.0%"
"boring bar","","Korloy 1-06-041546 | Indexable Boring Bar","","23357056","102","","","0 of 24","0.0%"
"boring bar","","Korloy 1-06-041551 | Indexable Boring Bar","","23357061","103","","","0 of 24","0.0%"
"boring bar","","Korloy 1-06-018494 | Indexable Boring Bar","","23357087","104","","","0 of 24","0.0%"
"boring bar","","Korloy 1-06-041555 | Indexable Boring Bar","","23357088","105","","","0 of 24","0.0%"
"boring bar","","Korloy 1-06-041556 | Indexable Boring Bar","","23357089","106","","","0 of 24","0.0%"
"boring bar","","Korloy 1-06-041571 | Indexable Boring Bar","","23357113","107","","","0 of 24","0.0%"
"boring bar","","Korloy 1-06-041578 | Indexable Boring Bar","","23357134","108","","","0 of 24","0.0%"
"boring bar","","Korloy 1-06-041587 | Indexable Boring Bar","","23357143","109","","","0 of 24","0.0%"
"boring bar","","Korloy 1-06-041588 | Indexable Boring Bar","","23357144","110","","","0 of 24","0.0%"
"boring bar","","Korloy 1-06-041589 | Indexable Boring Bar","","23357145","111","","","0 of 24","0.0%"
"boring bar","","Korloy 1-06-041596 | Indexable Boring Bar","","23357170","112","","","0 of 24","0.0%"
"boring bar","","Korloy 1-06-041600 | Indexable Boring Bar","","23357174","113","","","0 of 24","0.0%"
"boring bar","","Korloy 1-06-041602 | Indexable Boring Bar","","23357176","114","","","0 of 24","0.0%"
"boring bar","","Korloy 1-06-041604 | Indexable Boring Bar","","23357178","115","","","0 of 24","0.0%"
"boring bar","","Korloy 1-06-041607 | Indexable Boring Bar","","23357193","116","","","0 of 24","0.0%"
"boring bar","","Korloy 1-06-041608 | Indexable Boring Bar","","23357194","117","","","0 of 24","0.0%"
"boring bar","","Korloy 1-06-041613 | Indexable Boring Bar","","23357199","118","","","0 of 24","0.0%"
"boring bar","","Korloy 1-06-041614 | Indexable Boring Bar","","23357200","119","","","0 of 24","0.0%"
"boring bar","","Korloy 1-06-041616 | Indexable Boring Bar","","23357202","120","","","0 of 24","0.0%"


"v block","Starrett 566 | 1-3/4"" Capacity Magnetic V-Block","Starrett 566 | 1-3/4"" Capacity Magnetic V-Block","30027307","30027307","1","1","Match","24 of 24","100.0%"
"v block","STM 225710 | 4"" OAL x 3-1/2"" Width V-Block","STM 225710 | 4"" OAL x 3-1/2"" Width V-Block","30122314","30122314","2","2","Match","24 of 24","100.0%"
"v block","STM 230135 | 2-3/8"" OAL x 2"" Width V-Block","STM 230135 | 2-3/8"" OAL x 2"" Width V-Block","30122317","30122317","3","3","Match","24 of 24","100.0%"
"v block","STM 231078 | 2-3/4"" OAL x 2-1/2"" Width V-Block","STM 231078 | 2-3/4"" OAL x 2-1/2"" Width V-Block","30122363","30122363","4","4","Match","24 of 24","100.0%"
"v block","STM 231082 | 3-19/32"" OAL x 1-7/8"" Width V-Block","STM 231082 | 3-19/32"" OAL x 1-7/8"" Width V-Block","30122364","30122364","5","5","Match","24 of 24","100.0%"
"v block","STM 231084 | 4"" OAL x 3"" Width V-Block","STM 231084 | 4"" OAL x 3"" Width V-Block","30122365","30122365","6","6","Match","24 of 24","100.0%"
"v block","STM 231086 | 4"" OAL x 3"" Width V-Block","STM 231086 | 4"" OAL x 3"" Width V-Block","30122366","30122366","7","7","Match","24 of 24","100.0%"
"v block","STM 231088 | 3-3/16"" OAL x 2-3/8"" Width V-Block","STM 231088 | 3-3/16"" OAL x 2-3/8"" Width V-Block","30122367","30122367","8","8","Match","24 of 24","100.0%"
"v block","STM 231090 | 3-3/16"" OAL x 2-3/8"" Width V-Block","STM 231090 | 3-3/16"" OAL x 2-3/8"" Width V-Block","30122368","30122368","9","9","Match","24 of 24","100.0%"
"v block","STM 231104 | 4"" OAL x 1-9/16"" Width V-Block","STM 231104 | 4"" OAL x 1-9/16"" Width V-Block","30122373","30122373","10","10","Match","24 of 24","100.0%"
"v block","STM 231106 | 5"" OAL x 2"" Width V-Block","STM 231106 | 5"" OAL x 2"" Width V-Block","30122374","30122374","11","11","Match","24 of 24","100.0%"
"v block","STM 231108 | 6"" OAL x 2-7/16"" Width V-Block","STM 231108 | 6"" OAL x 2-7/16"" Width V-Block","30122375","30122375","12","12","Match","24 of 24","100.0%"
"v block","STM 231110 | 8"" OAL x 4"" Width V-Block","STM 231110 | 8"" OAL x 4"" Width V-Block","30122376","30122376","13","13","Match","24 of 24","100.0%"
"v block","STM 231112 | 10"" OAL x 5"" Width V-Block","STM 231112 | 10"" OAL x 5"" Width V-Block","30122377","30122377","14","14","Match","24 of 24","100.0%"
"v block","STM 231114 | 12"" OAL x 6"" Width V-Block","STM 231114 | 12"" OAL x 6"" Width V-Block","30122378","30122378","15","15","Match","24 of 24","100.0%"
"v block","STM 231116 | 95.00mm OAL x 35.00mm Width V-Block","STM 231116 | 95.00mm OAL x 35.00mm Width V-Block","30122379","30122379","16","16","Match","24 of 24","100.0%"
"v block","STM 231120 | 120 OAL x 35.00mm Width V-Block","STM 231120 | 120 OAL x 35.00mm Width V-Block","30122381","30122381","17","17","Match","24 of 24","100.0%"
"v block","STM 370571 | 5"" OAL x 4"" Width V-Block","STM 370571 | 5"" OAL x 4"" Width V-Block","30122732","30122732","18","18","Match","24 of 24","100.0%"
"v block","STM 370581 | 7"" OAL x 6"" Width V-Block","STM 370581 | 7"" OAL x 6"" Width V-Block","30122734","30122734","19","19","Match","24 of 24","100.0%"
"v block","STM 370586 | 8"" OAL x 8"" Width V-Block","STM 370586 | 8"" OAL x 8"" Width V-Block","30122735","30122735","20","20","Match","24 of 24","100.0%"
"v block","STM 370596 | 12"" OAL x 12"" Width V-Block","STM 370596 | 12"" OAL x 12"" Width V-Block","30122737","30122737","21","21","Match","24 of 24","100.0%"
"v block","Techniks ECE-100 | MagVISE ECE MagVISE Square Magnetic V-Block","Techniks ECE-100 | MagVISE ECE MagVISE Square Magnetic V-Block","50007442","50007442","22","22","Match","24 of 24","100.0%"
"v block","STM 370556 | 2"" OAL x 1-7/8"" Width V-Block","STM 370556 | 2"" OAL x 1-7/8"" Width V-Block","30122729","30122729","23","23","Match","24 of 24","100.0%"
"v block","STM 370566 | 4"" OAL x 3-1/4"" Width V-Block","STM 370566 | 4"" OAL x 3-1/4"" Width V-Block","30122731","30122731","24","24","Match","24 of 24","100.0%"
"v block","STM 370576 | 6"" OAL x 5"" Width V-Block","STM 370576 | 6"" OAL x 5"" Width V-Block","30122733","30122733","25","25","Match","24 of 24","100.0%"
"v block","STM 370591 | 10"" OAL x 10"" Width V-Block","STM 370591 | 10"" OAL x 10"" Width V-Block","30122736","30122736","26","26","Match","24 of 24","100.0%"
"v block","STM 231072 | 1-19/32"" OAL x 1-1/4"" Width V-Block","STM 231072 | 1-19/32"" OAL x 1-1/4"" Width V-Block","30122360","30122360","27","27","Match","24 of 24","100.0%"
"v block","STM 231074 | 2"" OAL x 1-1/2"" Width V-Block","STM 231074 | 2"" OAL x 1-1/2"" Width V-Block","30122361","30122361","28","28","Match","24 of 24","100.0%"
"v block","STM 231076 | 2-3/4"" OAL x 1-3/4"" Width V-Block","STM 231076 | 2-3/4"" OAL x 1-3/4"" Width V-Block","30122362","30122362","29","29","Match","24 of 24","100.0%"
"v block","STM 231118 | 100 OAL x 30.00mm Width V-Block","STM 231118 | 100 OAL x 30.00mm Width V-Block","30122380","30122380","30","30","Match","24 of 24","100.0%"
"v block","STM 370561 | 3"" OAL x 2-5/8"" Width V-Block","STM 370561 | 3"" OAL x 2-5/8"" Width V-Block","30122730","30122730","31","31","Match","24 of 24","100.0%"
"v block","Techniks ECE-150 | 110 lbs. V-Face x 308 lbs. Surface V-Block","Techniks ECE-150 | 110 lbs. V-Face x 308 lbs. Surface V-Block","50007443","50007443","32","32","Match","24 of 24","100.0%"
"v block","Techniks ECE-208 | 121 lbs. V-Face x 154 lbs. Surface V-Block","Techniks ECE-208 | 121 lbs. V-Face x 154 lbs. Surface V-Block","50007444","50007444","33","33","Match","24 of 24","100.0%"
"v block","Techniks ECE-212 | 198 lbs. V-Face x 242 lbs. Surface V-Block","Techniks ECE-212 | 198 lbs. V-Face x 242 lbs. Surface V-Block","50007445","50007445","34","34","Match","24 of 24","100.0%"
"v block","Techniks ECE-612 | 242 lbs. V-Face x 350 lbs. Surface Magnetic V-Block","Techniks ECE-612 | 242 lbs. V-Face x 350 lbs. Surface Magnetic V-Block","50007470","50007470","35","35","Match","24 of 24","100.0%"
"v block","Techniks ECE-510 | 44 lbs. Holding Power x 80mm Applicable Diameter Magnetic V-Block","Techniks ECE-510 | 44 lbs. Holding Power x 80mm Applicable Diameter Magnetic V-Block","50007469","50007469","36","36","Match","24 of 24","100.0%"
"v block","Techniks ECE-507 | 33 lbs. Holding Power x 50mm Applicable Diameter Magnetic V-Block","Techniks ECE-507 | 33 lbs. Holding Power x 50mm Applicable Diameter Magnetic V-Block","50007468","50007468","37","37","Match","24 of 24","100.0%"
"v block","Carr Lane CL-MF40-6101 | 1/2-13"" Screw Vertical V Block","Carr Lane CL-MF40-6101 | 1/2-13"" Screw Vertical V Block","50013920","50013920","38","38","Match","24 of 24","100.0%"
"v block","Carr Lane CL-MF50-6101 | 5/8-11"" Screw Vertical V Block","Carr Lane CL-MF50-6101 | 5/8-11"" Screw Vertical V Block","50013921","50013921","39","39","Match","24 of 24","100.0%"
"v block","Carr Lane CL-MF40-6001 | 1/2-13"" Screw Size Horizontal V Block","Carr Lane CL-MF40-6001 | 1/2-13"" Screw Size Horizontal V Block","50020874","50020874","40","40","Match","24 of 24","100.0%"
"v block","Carr Lane CL-MF50-6002 | 5/8-11"" Screw Size Horizontal V Block","Carr Lane CL-MF50-6002 | 5/8-11"" Screw Size Horizontal V Block","50020876","50020876","41","41","Match","24 of 24","100.0%"
"v block","Carr Lane CL-MF40-6002 | 1/2-13"" Screw Size Horizontal V Block","Carr Lane CL-MF40-6002 | 1/2-13"" Screw Size Horizontal V Block","50020875","50020875","42","42","Match","24 of 24","100.0%"
"v block","Fowler 52-475-555-0 | 2"" Height x 2-3/4"" Length Horizontal V Block","Fowler 52-475-555-0 | 2"" Height x 2-3/4"" Length Horizontal V Block","30028054","30028054","43","43","Match","24 of 24","100.0%"
"v block","Carr Lane CL-MF25-6001 | 9/16 to 2 Diameter Range Horizontal V Block","Carr Lane CL-MF25-6001 | 9/16 to 2 Diameter Range Horizontal V Block","50020872","50020872","44","44","Match","24 of 24","100.0%"
"v block","Carr Lane CL-MF25-6002 | 9/16 to 2 Diameter Range Horizontal V Block","Carr Lane CL-MF25-6002 | 9/16 to 2 Diameter Range Horizontal V Block","50020873","50020873","45","45","Match","24 of 24","100.0%"
"v block","Starrett 567 | 1-5/16"" Capacity V-Block & Clamp","Starrett 567 | 1-5/16"" Capacity V-Block & Clamp","30050515","30050515","46","46","Match","24 of 24","100.0%"
"v block","Starrett 278 | 1"" Capacity V-Block & Clamp","Starrett 278 | 1"" Capacity V-Block & Clamp","30050514","30050514","47","47","Match","24 of 24","100.0%"
"v block","Starrett 578 | 4"" Capacity V-Block & Clamp","Starrett 578 | 4"" Capacity V-Block & Clamp","30050516","30050516","48","48","Match","24 of 24","100.0%"
"v block","Starrett 568C | 2"" Dia. Round; 1-7/16"" Square (1-9/16"" with Screw at Top) Capacity V-Block & Clamp","Starrett 568C | 2"" Dia. Round; 1-7/16"" Square (1-9/16"" with Screw at Top) Capacity V-Block & Clamp","30050518","30050518","49","49","Match","24 of 24","100.0%"
"v block","Starrett 568A | 2"" Dia. Round; 1-7/16"" Square (1-9/16"" with Screw at Top) Capacity V-Block & Clamp","Starrett 568A | 2"" Dia. Round; 1-7/16"" Square (1-9/16"" with Screw at Top) Capacity V-Block & Clamp","30027315","30027315","50","50","Match","24 of 24","100.0%"
"v block","","Jergens 60371 | 5/8"" Operating Stroke X Position Single Acting Vertical Block Cylinder","","50032883","51","","","24 of 24","100.0%"
"v block","","Jergens 60373 | 1/2"" Operating Stroke Y Position Single Acting Vertical Block Cylinder","","50032885","52","","","24 of 24","100.0%"
"v block","","Jergens 60374 | 1/2"" Operating Stroke X Postition Single Acting Vertical Block Cylinder","","50032886","53","","","24 of 24","100.0%"
"v block","","Seco Tools 03070428 | R150.10-G-VDI30-20JETI Indexable CutOff Blade Tool Block","","23284847","54","","","24 of 24","100.0%"
"v block","","Seco Tools 03070429 | L150.10-G-VDI30-20JETI Indexable CutOff Blade Tool Block","","23284848","55","","","24 of 24","100.0%"
"v block","","Seco Tools 03070430 | R150.10-G-VDI30-25JETI Indexable CutOff Blade Tool Block","","23284849","56","","","24 of 24","100.0%"
"v block","","Seco Tools 03070431 | L150.10-G-VDI30-25JETI Indexable CutOff Blade Tool Block","","23284850","57","","","24 of 24","100.0%"
"v block","","Seco Tools 03070432 | R150.10-G-VDI40-25JETI Indexable CutOff Blade Tool Block","","23284851","58","","","24 of 24","100.0%"
"v block","","Seco Tools 03070433 | L150.10-G-VDI40-25JETI Indexable CutOff Blade Tool Block","","23284852","59","","","24 of 24","100.0%"
"v block","","Seco Tools 03070434 | R150.10-G-VDI50-25JETI Indexable CutOff Blade Tool Block","","23284853","60","","","24 of 24","100.0%"
"v block","","Seco Tools 03070435 | L150.10-G-VDI50-25JETI Indexable CutOff Blade Tool Block","","23284854","61","","","24 of 24","100.0%"
"v block","","Seco Tools 03070436 | R150.10-F-VDI25-20JETI Indexable CutOff Blade Tool Block","","23284855","62","","","24 of 24","100.0%"
"v block","","Seco Tools 03070437 | L150.10-F-VDI25-20JETI Indexable CutOff Blade Tool Block","","23284856","63","","","24 of 24","100.0%"
"v block","","Seco Tools 03070438 | R150.10-F-VDI30-20JETI Indexable CutOff Blade Tool Block","","23284857","64","","","24 of 24","100.0%"
"v block","","Seco Tools 03070439 | L150.10-F-VDI30-20JETI Indexable CutOff Blade Tool Block","","23284858","65","","","24 of 24","100.0%"
"v block","","Seco Tools 03070440 | R150.10-F-VDI30-25JETI Indexable CutOff Blade Tool Block","","23284859","66","","","24 of 24","100.0%"
"v block","","Seco Tools 03070441 | L150.10-F-VDI30-25JETI Indexable CutOff Blade Tool Block","","23284860","67","","","24 of 24","100.0%"
"v block","","Seco Tools 03070442 | R150.10-F-VDI40-25JETI Indexable CutOff Blade Tool Block","","23284861","68","","","24 of 24","100.0%"
"v block","","Seco Tools 03070443 | L150.10-F-VDI40-25JETI Indexable CutOff Blade Tool Block","","23284862","69","","","24 of 24","100.0%"
"v block","","Gar M-15 Set | Gar G-6 Master Visual-Tactual Set 8 Individual Blocks 15 Specimens 2 - 125 Microinches","","30051208","70","","","24 of 24","100.0%"
"v block","","GS Tooling 382470 | Mechanical Blocking Device For Modular Vise","","50009166","71","","","24 of 24","100.0%"
"v block","","GS Tooling 382475 | Mechanical Blocking Device For Modular Vise","","50009169","72","","","24 of 24","100.0%"


"boring head","Parlec 910-FBUM | Boring Head","Parlec 910-FBUM | Boring Head","55010705","55010705","1","1","Match","24 of 24","100.0%"
"boring head","Parlec 910-FBU | Boring Head","Parlec 910-FBU | Boring Head","55010704","55010704","2","2","Match","24 of 24","100.0%"
"boring head","Big Daishowa 10.315.703 | Boring Head","Big Daishowa 10.315.703 | Boring Head","10262234","10262234","3","3","Match","24 of 24","100.0%"
"boring head","Big Daishowa 10.315.101 | Boring Head","Big Daishowa 10.315.101 | Boring Head","10262215","10262215","4","4","Match","24 of 24","100.0%"
"boring head","Big Daishowa 10.315.201 | Boring Head","Big Daishowa 10.315.201 | Boring Head","10266932","10266932","5","5","Match","24 of 24","100.0%"
"boring head","Big Daishowa 10.315.301 | Boring Head","Big Daishowa 10.315.301 | Boring Head","10262220","10262220","6","6","Match","24 of 24","100.0%"
"boring head","Big Daishowa 10.315.401 | Boring Head","Big Daishowa 10.315.401 | Boring Head","10262223","10262223","7","7","Match","24 of 24","100.0%"
"boring head","Big Daishowa 10.315.501 | Boring Head","Big Daishowa 10.315.501 | Boring Head","10262226","10262226","8","8","Match","24 of 24","100.0%"
"boring head","Big Daishowa 10.315.601 | Boring Head","Big Daishowa 10.315.601 | Boring Head","10262229","10262229","9","9","Match","24 of 24","100.0%"
"boring head","Big Daishowa 10.315.602 | Boring Head","Big Daishowa 10.315.602 | Boring Head","10266940","10266940","10","10","Match","24 of 24","100.0%"
"boring head","Big Daishowa 10.315.701 | Boring Head","Big Daishowa 10.315.701 | Boring Head","10262232","10262232","11","11","Match","24 of 24","100.0%"
"boring head","Big Daishowa 10.315.702 | Boring Head","Big Daishowa 10.315.702 | Boring Head","10262233","10262233","12","12","Match","24 of 24","100.0%"
"boring head","Big Daishowa 10.470.602 | Boring Head","Big Daishowa 10.470.602 | Boring Head","10262319","10262319","13","13","Match","24 of 24","100.0%"
"boring head","Big Daishowa 10.470.108 | Boring Head","Big Daishowa 10.470.108 | Boring Head","10262309","10262309","14","14","Match","24 of 24","100.0%"
"boring head","Big Daishowa 10.470.301 | Boring Head","Big Daishowa 10.470.301 | Boring Head","10262312","10262312","15","15","Match","24 of 24","100.0%"
"boring head","Big Daishowa 10.470.401 | Boring Head","Big Daishowa 10.470.401 | Boring Head","10262314","10262314","16","16","Match","24 of 24","100.0%"
"boring head","Big Daishowa 10.470.501 | Boring Head","Big Daishowa 10.470.501 | Boring Head","10262316","10262316","17","17","Match","24 of 24","100.0%"
"boring head","Big Daishowa 10.470.601 | Boring Head","Big Daishowa 10.470.601 | Boring Head","10262318","10262318","18","18","Match","24 of 24","100.0%"
"boring head","Big Daishowa BCV40-AGB-172 | Boring Head","Big Daishowa BCV40-AGB-172 | Boring Head","55061484","55061484","19","19","Match","24 of 24","100.0%"
"boring head","Big Daishowa BCV50-AGB-186 | Boring Head","Big Daishowa BCV50-AGB-186 | Boring Head","55061790","55061790","20","20","Match","24 of 24","100.0%"
"boring head","Narex 300004 | VHU-36 Series Boring Head","Narex 300004 | VHU-36 Series Boring Head","55070072","55070072","21","21","Match","24 of 24","100.0%"
"boring head","Narex 300054 | VHU-56 Series Boring Head","Narex 300054 | VHU-56 Series Boring Head","55070082","55070082","22","22","Match","24 of 24","100.0%"
"boring head","Narex 300103 | VHU-80 Series Boring Head","Narex 300103 | VHU-80 Series Boring Head","55070089","55070089","23","23","Match","24 of 24","100.0%"
"boring head","Narex 300154 | VHU-125 Series Boring Head","Narex 300154 | VHU-125 Series Boring Head","55070092","55070092","24","24","Match","24 of 24","100.0%"
"boring head","Narex 300203 | VHU-160 Series Boring Head","Narex 300203 | VHU-160 Series Boring Head","55070095","55070095","25","25","Match","24 of 24","100.0%"
"boring head","Big Daishowa 10.319.603 | Rough Boring Head","Big Daishowa 10.319.603 | Rough Boring Head","10262292","10262292","26","26","Match","24 of 24","100.0%"
"boring head","Big Daishowa 10.319.703 | Rough Boring Head","Big Daishowa 10.319.703 | Rough Boring Head","10262302","10262302","27","27","Match","24 of 24","100.0%"
"boring head","Big Daishowa 10.319.607N | Rough Boring Head","Big Daishowa 10.319.607N | Rough Boring Head","10262296","10262296","28","28","Match","24 of 24","100.0%"
"boring head","Big Daishowa 10.319.707N | Rough Boring Head","Big Daishowa 10.319.707N | Rough Boring Head","10262305","10262305","29","29","Match","24 of 24","100.0%"
"boring head","Big Daishowa 10.319.101 | Rough Boring Head","Big Daishowa 10.319.101 | Rough Boring Head","10262277","10262277","30","30","Match","24 of 24","100.0%"
"boring head","Big Daishowa 10.319.301 | Rough Boring Head","Big Daishowa 10.319.301 | Rough Boring Head","10262281","10262281","31","31","Match","24 of 24","100.0%"
"boring head","Big Daishowa 10.319.401 | Rough Boring Head","Big Daishowa 10.319.401 | Rough Boring Head","10262283","10262283","32","32","Match","24 of 24","100.0%"
"boring head","Big Daishowa 10.319.520 | Rough Boring Head","Big Daishowa 10.319.520 | Rough Boring Head","10262286","10262286","33","33","Match","24 of 24","100.0%"
"boring head","Big Daishowa 10.319.501 | Rough Boring Head","Big Daishowa 10.319.501 | Rough Boring Head","10262285","10262285","34","34","Match","24 of 24","100.0%"
"boring head","Big Daishowa 10.319.601 | Rough Boring Head","Big Daishowa 10.319.601 | Rough Boring Head","10262288","10262288","35","35","Match","24 of 24","100.0%"
"boring head","Big Daishowa 10.319.604N | Rough Boring Head","Big Daishowa 10.319.604N | Rough Boring Head","10262294","10262294","36","36","Match","24 of 24","100.0%"
"boring head","Big Daishowa 10.319.602 | Rough Boring Head","Big Daishowa 10.319.602 | Rough Boring Head","10262290","10262290","37","37","Match","24 of 24","100.0%"
"boring head","Big Daishowa 10.319.702 | Rough Boring Head","Big Daishowa 10.319.702 | Rough Boring Head","10262300","10262300","38","38","Match","24 of 24","100.0%"
"boring head","Big Daishowa 10.319.701 | Rough Boring Head","Big Daishowa 10.319.701 | Rough Boring Head","10262298","10262298","39","39","Match","24 of 24","100.0%"
"boring head","Big Daishowa 10.319.605N | Rough Boring Head","Big Daishowa 10.319.605N | Rough Boring Head","10262295","10262295","40","40","Match","24 of 24","100.0%"
"boring head","Big Daishowa 10.319.705N | Rough Boring Head","Big Daishowa 10.319.705N | Rough Boring Head","10262304","10262304","41","41","Match","24 of 24","100.0%"
"boring head","Parlec PC6-20SDM16B | PC6 Size Boring Head","Parlec PC6-20SDM16B | PC6 Size Boring Head","55013648","55013648","42","42","Match","24 of 24","100.0%"
"boring head","Parlec PC6-20SDM62B | PC6 Size Boring Head","Parlec PC6-20SDM62B | PC6 Size Boring Head","55013649","55013649","43","43","Match","24 of 24","100.0%"
"boring head","Parlec PC6-3705 | PC6 Size Boring Head","Parlec PC6-3705 | PC6 Size Boring Head","55013656","55013656","44","44","Match","24 of 24","100.0%"
"boring head","Big Daishowa 10.319.201 | Rough Boring Head","Big Daishowa 10.319.201 | Rough Boring Head","10262279","10262279","45","45","Match","24 of 24","100.0%"
"boring head","Seco Tools 03307854 | GL25-RB610-10 Rough Boring Head","Seco Tools 03307854 | GL25-RB610-10 Rough Boring Head","10286091","10286091","46","46","Match","24 of 24","100.0%"
"boring head","Seco Tools 02595020 | BAS25FGE35 Fine Boring Head","Seco Tools 02595020 | BAS25FGE35 Fine Boring Head","10283950","10283950","47","47","Match","24 of 24","100.0%"
"boring head","Seco Tools 02595021 | BAS25FGI35 Fine Boring Head","Seco Tools 02595021 | BAS25FGI35 Fine Boring Head","10283951","10283951","48","48","Match","24 of 24","100.0%"
"boring head","STM 356002 | 3"" Body Diameter Boring Head","STM 356002 | 3"" Body Diameter Boring Head","10283236","10283236","49","49","Match","24 of 24","100.0%"
"boring head","STM 356003 | 4"" Body Diameter Boring Head","STM 356003 | 4"" Body Diameter Boring Head","10283237","10283237","50","50","Match","24 of 24","100.0%"
"boring head","Big Daishowa ST20-MW1619-45 | 20.00mm Diameter Boring Head","Big Daishowa ST20-MW1619-45 | 20.00mm Diameter Boring Head","10266916","10266916","51","51","Match","24 of 24","100.0%"
"boring head","Big Daishowa ST20-MW1619-60 | 20.00mm Diameter Boring Head","Big Daishowa ST20-MW1619-60 | 20.00mm Diameter Boring Head","10266917","10266917","52","52","Match","24 of 24","100.0%"
"boring head","Big Daishowa ST20-MW1821-50 | 20.00mm Diameter Boring Head","Big Daishowa ST20-MW1821-50 | 20.00mm Diameter Boring Head","10266918","10266918","53","53","Match","24 of 24","100.0%"
"boring head","Big Daishowa ST20-MW1821-65 | 20.00mm Diameter Boring Head","Big Daishowa ST20-MW1821-65 | 20.00mm Diameter Boring Head","10266919","10266919","54","54","Match","24 of 24","100.0%"
"boring head","Big Daishowa CKB4-SW41DP-190 | 190.00mm Length Boring Head","Big Daishowa CKB4-SW41DP-190 | 190.00mm Length Boring Head","10266879","10266879","55","55","Match","24 of 24","100.0%"
"boring head","Big Daishowa CKB5-SW53DP-220 | 220.00mm Length Boring Head","Big Daishowa CKB5-SW53DP-220 | 220.00mm Length Boring Head","10266882","10266882","56","56","Match","24 of 24","100.0%"
"boring head","Big Daishowa CKB6-SW68DP-245 | 245.00mm Length Boring Head","Big Daishowa CKB6-SW68DP-245 | 245.00mm Length Boring Head","10266888","10266888","57","57","Match","24 of 24","100.0%"
"boring head","STM 356001 | 2"" Body Diameter Boring Head","STM 356001 | 2"" Body Diameter Boring Head","10283235","10283235","58","58","Match","24 of 24","100.0%"
"boring head","Seco Tools 02753679 | A731S400 Bridge Bar Boring Head","Seco Tools 02753679 | A731S400 Bridge Bar Boring Head","10284658","10284658","59","59","Match","24 of 24","100.0%"
"boring head","Parlec PC3-4305 | 1.18"" Diameter x PC3 Size Boring Head","Parlec PC3-4305 | 1.18"" Diameter x PC3 Size Boring Head","55013609","55013609","60","60","Match","24 of 24","100.0%"
"boring head","Parlec PC5-4505 | 1.93"" Diameter x PC5 Size Boring Head","Parlec PC5-4505 | 1.93"" Diameter x PC5 Size Boring Head","55013630","55013630","61","61","Match","24 of 24","100.0%"
"boring head","Parlec PC6-4605 | 2.48"" Diameter x PC6 Size Boring Head","Parlec PC6-4605 | 2.48"" Diameter x PC6 Size Boring Head","55013658","55013658","62","62","Match","24 of 24","100.0%"
"boring head","Parlec PC6-4606 | 3.54"" Diameter x PC6 Size Boring Head","Parlec PC6-4606 | 3.54"" Diameter x PC6 Size Boring Head","55013659","55013659","63","63","Match","24 of 24","100.0%"
"boring head","Parlec PC7-4705 | 3.54"" Diameter x PC7 Size Boring Head","Parlec PC7-4705 | 3.54"" Diameter x PC7 Size Boring Head","55013681","55013681","64","64","Match","24 of 24","100.0%"
"boring head","Parlec PC6-20SDE62B | 2.52"" Diameter x PC6 Size Boring Head","Parlec PC6-20SDE62B | 2.52"" Diameter x PC6 Size Boring Head","55013647","55013647","65","65","Match","24 of 24","100.0%"
"boring head","Allied Machine and Engineering MDS20M | 33mm Diameter Boring Head","Allied Machine and Engineering MDS20M | 33mm Diameter Boring Head","55027876","55027876","66","66","Match","24 of 24","100.0%"
"boring head","Allied Machine and Engineering MDS16M | 27mm Diameter Boring Head","Allied Machine and Engineering MDS16M | 27mm Diameter Boring Head","55027875","55027875","67","67","Match","24 of 24","100.0%"
"boring head","Parlec PC2-4205 | 0.91"" Diameter x PC2 Size Boring Head","Parlec PC2-4205 | 0.91"" Diameter x PC2 Size Boring Head","55013603","55013603","68","68","Match","24 of 24","100.0%"
"boring head","Parlec PC4-4405 | 1.50"" Diameter x PC4 Size Boring Head","Parlec PC4-4405 | 1.50"" Diameter x PC4 Size Boring Head","55013621","55013621","69","69","Match","24 of 24","100.0%"
"boring head","Parlec PC3-3315 | 1.20"" Diameter x PC3 Size Boring Head","Parlec PC3-3315 | 1.20"" Diameter x PC3 Size Boring Head","55013608","55013608","70","70","Match","24 of 24","100.0%"
"boring head","Parlec PC6-3615 | 2.48"" Diameter x PC6 Size Boring Head","Parlec PC6-3615 | 2.48"" Diameter x PC6 Size Boring Head","55013655","55013655","71","71","Match","24 of 24","100.0%"
"boring head","Parlec PC6-3715 | 3.74"" Diameter x PC6 Size Boring Head","Parlec PC6-3715 | 3.74"" Diameter x PC6 Size Boring Head","55013657","55013657","72","72","Match","24 of 24","100.0%"
"boring head","Parlec PC2-3215 | 0.93"" Diameter x PC2 Size Boring Head","Parlec PC2-3215 | 0.93"" Diameter x PC2 Size Boring Head","55013602","55013602","73","73","Match","24 of 24","100.0%"
"boring head","Parlec PC4-3415 | 1.50"" Diameter x PC4 Size Boring Head","Parlec PC4-3415 | 1.50"" Diameter x PC4 Size Boring Head","55013620","55013620","74","74","Match","24 of 24","100.0%"
"boring head","Parlec PC5-3515 | 1.93"" Diameter x PC5 Size Boring Head","Parlec PC5-3515 | 1.93"" Diameter x PC5 Size Boring Head","55013629","55013629","75","75","Match","24 of 24","100.0%"
"boring head","Parlec PC6-EBC | 2.52"" Diameter x PC6 Size Boring Head","Parlec PC6-EBC | 2.52"" Diameter x PC6 Size Boring Head","55013669","55013669","76","76","Match","24 of 24","100.0%"
"boring head","Parlec PC7-EBC | 3.54"" Diameter x PC7 Size Boring Head","Parlec PC7-EBC | 3.54"" Diameter x PC7 Size Boring Head","55013682","55013682","77","77","Match","24 of 24","100.0%"
"boring head","Parlec PC6-910-850 | 2.52"" Diameter x PC6 Size Boring Head","Parlec PC6-910-850 | 2.52"" Diameter x PC6 Size Boring Head","55013668","55013668","78","78","Match","24 of 24","100.0%"
"boring head","Allied Machine and Engineering 337017 | 3255.00mm Diameter Aluminum Boring Head","Allied Machine and Engineering 337017 | 3255.00mm Diameter Aluminum Boring Head","23043221","23043221","79","79","Match","24 of 24","100.0%"
"boring head","Big Daishowa CKB6-EWN100EDP-240 | 2.5197"" Diameter x 9.4488"" Length Boring Head","Big Daishowa CKB6-EWN100EDP-240 | 2.5197"" Diameter x 9.4488"" Length Boring Head","10266884","10266884","80","80","Match","24 of 24","100.0%"
"boring head","Big Daishowa CKB6-EWN100DP-240 | 2.5197"" Diameter x 9.4488"" Length Boring Head","Big Daishowa CKB6-EWN100DP-240 | 2.5197"" Diameter x 9.4488"" Length Boring Head","10266883","10266883","81","81","Match","24 of 24","100.0%"
"boring head","Big Daishowa CKB3-EWN32EDP-160 | 1.2205"" Diameter x 6.2992"" Length Boring Head","Big Daishowa CKB3-EWN32EDP-160 | 1.2205"" Diameter x 6.2992"" Length Boring Head","10266876","10266876","82","82","Match","24 of 24","100.0%"
"boring head","Big Daishowa CKB3-EWN32DP-160 | 1.2205"" Diameter x 6.2992"" Length Boring Head","Big Daishowa CKB3-EWN32DP-160 | 1.2205"" Diameter x 6.2992"" Length Boring Head","10266875","10266875","83","83","Match","24 of 24","100.0%"
"boring head","Big Daishowa CKB4-EWN41EDP-185 | 1.5354"" Diameter x 7.2835"" Length Boring Head","Big Daishowa CKB4-EWN41EDP-185 | 1.5354"" Diameter x 7.2835"" Length Boring Head","10266878","10266878","84","84","Match","24 of 24","100.0%"
"boring head","Big Daishowa CKB5-EWN53EDP-210 | 1.9685"" Diameter x 8.2677"" Length Boring Head","Big Daishowa CKB5-EWN53EDP-210 | 1.9685"" Diameter x 8.2677"" Length Boring Head","10266881","10266881","85","85","Match","24 of 24","100.0%"
"boring head","Big Daishowa CKB6-EWN68EDP-240 | 2.5197"" Diameter x 9.4488"" Length Boring Head","Big Daishowa CKB6-EWN68EDP-240 | 2.5197"" Diameter x 9.4488"" Length Boring Head","10266886","10266886","86","86","Match","24 of 24","100.0%"
"boring head","Allied Machine and Engineering 538052 | 128.150"" Diameter Steel Boring Head","Allied Machine and Engineering 538052 | 128.150"" Diameter Steel Boring Head","23158837","23158837","87","87","Match","24 of 24","100.0%"
"boring head","Allied Machine and Engineering 538051 | 128.150"" Diameter Steel Boring Head","Allied Machine and Engineering 538051 | 128.150"" Diameter Steel Boring Head","23158836","23158836","88","88","Match","24 of 24","100.0%"
"boring head","Allied Machine and Engineering 538001 | 128.150"" Diameter Aluminum Boring Head","Allied Machine and Engineering 538001 | 128.150"" Diameter Aluminum Boring Head","23043287","23043287","89","89","Match","24 of 24","100.0%"
"boring head","Allied Machine and Engineering 537052 | 3255.00mm Diameter Steel Boring Head","Allied Machine and Engineering 537052 | 3255.00mm Diameter Steel Boring Head","23158834","23158834","90","90","Match","24 of 24","100.0%"
"boring head","Allied Machine and Engineering 537051 | 3255.00mm Diameter Steel Boring Head","Allied Machine and Engineering 537051 | 3255.00mm Diameter Steel Boring Head","23158833","23158833","91","91","Match","24 of 24","100.0%"
"boring head","Allied Machine and Engineering 537001 | 3255.00mm Diameter Aluminum Boring Head","Allied Machine and Engineering 537001 | 3255.00mm Diameter Aluminum Boring Head","23043283","23043283","92","92","Match","24 of 24","100.0%"
"boring head","Allied Machine and Engineering 248003 | 30.20mm Diameter Steel Boring Head","Allied Machine and Engineering 248003 | 30.20mm Diameter Steel Boring Head","23043203","23043203","93","93","Match","24 of 24","100.0%"
"boring head","Seco Tools 03204092 | 60.00mm Diameter x 38.50mm OAL Rough Boring Head","Seco Tools 03204092 | 60.00mm Diameter x 38.50mm OAL Rough Boring Head","10285891","10285891","94","94","Match","24 of 24","100.0%"
"boring head","Seco Tools 03204093 | 80.00mm Diameter x 44.50mm OAL Rough Boring Head","Seco Tools 03204093 | 80.00mm Diameter x 44.50mm OAL Rough Boring Head","10285892","10285892","95","95","Match","24 of 24","100.0%"
"boring head","Seco Tools 03204094 | 60.00mm Diameter x 55.70mm OAL Fine Boring Head","Seco Tools 03204094 | 60.00mm Diameter x 55.70mm OAL Fine Boring Head","10285893","10285893","96","96","Match","24 of 24","100.0%"
"boring head","Seco Tools 00004773 | C5-391.01-50100A 50.00mm Diameter x 130.00mm OAL Boring Head","Seco Tools 00004773 | C5-391.01-50100A 50.00mm Diameter x 130.00mm OAL Boring Head","55071805","55071805","97","97","Match","24 of 24","100.0%"
"boring head","Seco Tools 00004840 | C6-391.01-63140A 63.00mm Diameter x 178.00mm OAL Boring Head","Seco Tools 00004840 | C6-391.01-63140A 63.00mm Diameter x 178.00mm OAL Boring Head","55071806","55071806","98","98","Match","24 of 24","100.0%"
"boring head","Seco Tools 00004841 | C8-391.01-80125A 80.00mm Diameter x 173.00mm OAL Boring Head","Seco Tools 00004841 | C8-391.01-80125A 80.00mm Diameter x 173.00mm OAL Boring Head","55071807","55071807","99","99","Match","24 of 24","100.0%"
"boring head","Seco Tools 00056752 | M402000 16.00mm Diameter x 42.00mm OAL Boring Head","Seco Tools 00056752 | M402000 16.00mm Diameter x 42.00mm OAL Boring Head","55072046","55072046","100","100","Match","24 of 24","100.0%"
"boring head","","Seco Tools 00056753 | M402001 16.00mm Diameter x 62.00mm OAL Boring Head","","55072047","101","","","24 of 24","100.0%"
"boring head","","Seco Tools 00056754 | M402110 20.00mm Diameter x 43.00mm OAL Boring Head","","55072048","102","","","24 of 24","100.0%"
"boring head","","Seco Tools 00056755 | M402111 20.00mm Diameter x 63.00mm OAL Boring Head","","55072049","103","","","24 of 24","100.0%"
"boring head","","Seco Tools 00056756 | M402220 25.00mm Diameter x 46.00mm OAL Boring Head","","55072050","104","","","24 of 24","100.0%"
"boring head","","Seco Tools 00056757 | M402221 25.00mm Diameter x 66.00mm OAL Boring Head","","55072051","105","","","24 of 24","100.0%"
"boring head","","Seco Tools 00056758 | M402330 32.00mm Diameter x 60.00mm OAL Boring Head","","55072052","106","","","24 of 24","100.0%"
"boring head","","Seco Tools 00056760 | M402440 40.00mm Diameter x 64.00mm OAL Boring Head","","55072053","107","","","24 of 24","100.0%"
"boring head","","Seco Tools 00056761 | M402441 40.00mm Diameter x 84.00mm OAL Boring Head","","55072054","108","","","24 of 24","100.0%"
"boring head","","Seco Tools 00056762 | M402550 50.00mm Diameter x 80.00mm OAL Boring Head","","55072055","109","","","24 of 24","100.0%"
"boring head","","Seco Tools 00056763 | M402551 50.00mm Diameter x 105.00mm OAL Boring Head","","55072056","110","","","24 of 24","100.0%"
"boring head","","Seco Tools 00056764 | M402552 50.00mm Diameter x 130.00mm OAL Boring Head","","55072057","111","","","24 of 24","100.0%"
"boring head","","Seco Tools 00056765 | M402660 63.00mm Diameter x 100.00mm OAL Boring Head","","55072058","112","","","24 of 24","100.0%"
"boring head","","Seco Tools 00056766 | M402661 63.00mm Diameter x 130.00mm OAL Boring Head","","55072059","113","","","24 of 24","100.0%"
"boring head","","Seco Tools 00056767 | M402662 63.00mm Diameter x 160.00mm OAL Boring Head","","55072060","114","","","24 of 24","100.0%"
"boring head","","Seco Tools 00056768 | M402770 90.00mm Diameter x 110.00mm OAL Boring Head","","55072061","115","","","24 of 24","100.0%"
"boring head","","Seco Tools 00056769 | M402771 90.00mm Diameter x 140.00mm OAL Boring Head","","55072062","116","","","24 of 24","100.0%"
"boring head","","Seco Tools 00056770 | M402772 90.00mm Diameter x 170.00mm OAL Boring Head","","55072063","117","","","24 of 24","100.0%"
"boring head","","Seco Tools 00056771 | M40310 16.00mm Diameter x 43.00mm OAL Boring Head","","55072064","118","","","24 of 24","100.0%"
"boring head","","Seco Tools 00056772 | M40320 16.00mm Diameter x 46.00mm OAL Boring Head","","55072065","119","","","24 of 24","100.0%"
"boring head","","Seco Tools 00056773 | M40321 20.00mm Diameter x 46.00mm OAL Boring Head","","55072066","120","","","24 of 24","100.0%"


"246 block","Fowler 52-439-246-0 | 31 Holes Set Up Block","Fowler 52-439-246-0 | 31 Holes Set Up Block","30066256","30066256","1","1","Match","2 of 2","100.0%"
"246 block","All Industrial 55540 | 2-4-6 Blocks 23 Holes Matched Pair Ultra Precision 0.0006"" Machinist 246 Jig","All Industrial 55540 | 2-4-6 Blocks 23 Holes Matched Pair Ultra Precision 0.0006"" Machinist 246 Jig","30000215","30000215","2","2","Match","2 of 2","100.0%"


"center drill","RobbJack P810-100071-1 | 0.031"" Diameter x 0.125"" Shank x 1.500"" OAL 2 Flute DCC Coated Center Drill","RobbJack P810-100071-1 | 0.031"" Diameter x 0.125"" Shank x 1.500"" OAL 2 Flute DCC Coated Center Drill","10233572","10233572","1","1","Match","24 of 24","100.0%"
"center drill","RobbJack P810-100072-1 | 0.047"" Diameter x 0.125"" Shank x 1.500"" OAL 2 Flute DCC Coated Center Drill","RobbJack P810-100072-1 | 0.047"" Diameter x 0.125"" Shank x 1.500"" OAL 2 Flute DCC Coated Center Drill","10233573","10233573","2","2","Match","24 of 24","100.0%"
"center drill","RobbJack P810-100074-1 | 0.109"" Diameter x 0.250"" Shank x 2.000"" OAL 2 Flute DCC Coated Center Drill","RobbJack P810-100074-1 | 0.109"" Diameter x 0.250"" Shank x 2.000"" OAL 2 Flute DCC Coated Center Drill","10233575","10233575","3","3","Match","24 of 24","100.0%"
"center drill","RobbJack P810-100075-1 | 0.125"" Diameter x 0.313"" Shank x 2.125"" OAL 2 Flute DCC Coated Center Drill","RobbJack P810-100075-1 | 0.125"" Diameter x 0.313"" Shank x 2.125"" OAL 2 Flute DCC Coated Center Drill","10233576","10233576","4","4","Match","24 of 24","100.0%"
"center drill","RobbJack P810-100200-1 | 0.025"" Diameter x 0.125"" Shank x 1.500"" OAL 2 Flute DCC Coated Center Drill","RobbJack P810-100200-1 | 0.025"" Diameter x 0.125"" Shank x 1.500"" OAL 2 Flute DCC Coated Center Drill","10233578","10233578","5","5","Match","24 of 24","100.0%"
"center drill","RobbJack P810-100240-1 | 0.188"" Diameter x 0.438"" Shank x 2.750"" OAL 2 Flute DCC Coated Center Drill","RobbJack P810-100240-1 | 0.188"" Diameter x 0.438"" Shank x 2.750"" OAL 2 Flute DCC Coated Center Drill","10233579","10233579","6","6","Match","24 of 24","100.0%"
"center drill","RobbJack P810-100073-1 | 0.078"" Diameter x 0.188"" Shank x 2.000"" OAL 2 Flute DCC Coated Center Drill","RobbJack P810-100073-1 | 0.078"" Diameter x 0.188"" Shank x 2.000"" OAL 2 Flute DCC Coated Center Drill","10233574","10233574","7","7","Match","24 of 24","100.0%"
"center drill","OSG 7803197 | OSG PHOENIX 32.00mm Diameter x 157.00mm OAL 2 Flute TOOL STEEL Indexable Spotting & Center Drill","OSG 7803197 | OSG PHOENIX 32.00mm Diameter x 157.00mm OAL 2 Flute TOOL STEEL Indexable Spotting & Center Drill","55079269","55079269","8","8","Match","24 of 24","100.0%"
"center drill","OSG 7803401 | OSG PHOENIX 14.40mm Diameter x 110.00mm OAL 1 Flute TOOL STEEL Indexable Spotting & Center Drill","OSG 7803401 | OSG PHOENIX 14.40mm Diameter x 110.00mm OAL 1 Flute TOOL STEEL Indexable Spotting & Center Drill","55079435","55079435","9","9","Match","24 of 24","100.0%"
"center drill","OSG 7803402 | OSG PHOENIX 14.40mm Diameter x 200.00mm OAL 1 Flute TOOL STEEL Indexable Spotting & Center Drill","OSG 7803402 | OSG PHOENIX 14.40mm Diameter x 200.00mm OAL 1 Flute TOOL STEEL Indexable Spotting & Center Drill","55079436","55079436","10","10","Match","24 of 24","100.0%"
"center drill","OSG 7803403 | OSG PHOENIX 17.30mm Diameter x 110.00mm OAL 1 Flute TOOL STEEL Indexable Spotting & Center Drill","OSG 7803403 | OSG PHOENIX 17.30mm Diameter x 110.00mm OAL 1 Flute TOOL STEEL Indexable Spotting & Center Drill","55079437","55079437","11","11","Match","24 of 24","100.0%"
"center drill","OSG 7803405 | OSG PHOENIX 14.40mm Diameter x 5.80mm LOC x 32.00mm OAL 1 Flute TOOL STEEL Indexable Spotting & Center Drill","OSG 7803405 | OSG PHOENIX 14.40mm Diameter x 5.80mm LOC x 32.00mm OAL 1 Flute TOOL STEEL Indexable Spotting & Center Drill","55079439","55079439","12","12","Match","24 of 24","100.0%"
"center drill","OSG 7803406 | OSG PHOENIX 17.30mm Diameter x 4.00mm LOC x 32.00mm OAL 1 Flute TOOL STEEL Indexable Spotting & Center Drill","OSG 7803406 | OSG PHOENIX 17.30mm Diameter x 4.00mm LOC x 32.00mm OAL 1 Flute TOOL STEEL Indexable Spotting & Center Drill","55079440","55079440","13","13","Match","24 of 24","100.0%"
"center drill","OSG 52510012 | OSG PHOENIX 1.813"" Diameter x 1.250"" Shank x 6.775"" OAL 2 Flute TOOL STEEL Indexable Spotting & Center Drill","OSG 52510012 | OSG PHOENIX 1.813"" Diameter x 1.250"" Shank x 6.775"" OAL 2 Flute TOOL STEEL Indexable Spotting & Center Drill","55078307","55078307","14","14","Match","24 of 24","100.0%"
"center drill","OSG 52512000 | OSG PHOENIX 0.567"" Diameter x 0.625"" Shank x 4.500"" OAL 1 Flute TOOL STEEL Indexable Spotting & Center Drill","OSG 52512000 | OSG PHOENIX 0.567"" Diameter x 0.625"" Shank x 4.500"" OAL 1 Flute TOOL STEEL Indexable Spotting & Center Drill","55078314","55078314","15","15","Match","24 of 24","100.0%"
"center drill","OSG 52512001 | OSG PHOENIX 0.567"" Diameter x 0.625"" Shank x 8.000"" OAL 1 Flute TOOL STEEL Indexable Spotting & Center Drill","OSG 52512001 | OSG PHOENIX 0.567"" Diameter x 0.625"" Shank x 8.000"" OAL 1 Flute TOOL STEEL Indexable Spotting & Center Drill","55078315","55078315","16","16","Match","24 of 24","100.0%"
"center drill","OSG 52512002 | OSG PHOENIX 0.681"" Diameter x 0.625"" Shank x 4.500"" OAL 1 Flute TOOL STEEL Indexable Spotting & Center Drill","OSG 52512002 | OSG PHOENIX 0.681"" Diameter x 0.625"" Shank x 4.500"" OAL 1 Flute TOOL STEEL Indexable Spotting & Center Drill","55078316","55078316","17","17","Match","24 of 24","100.0%"
"center drill","All Industrial 10000 | 5pc Premium HSS Center Drill Set 60 Degree Combined Countersink #1,2,3,4,5 M2","All Industrial 10000 | 5pc Premium HSS Center Drill Set 60 Degree Combined Countersink #1,2,3,4,5 M2","10000662","10000662","18","18","Match","24 of 24","100.0%"
"center drill","All Industrial 10001 | Center Drill #1 60 Degree High Speed Steel M2 Combined Drill & Countersink","All Industrial 10001 | Center Drill #1 60 Degree High Speed Steel M2 Combined Drill & Countersink","10000655","10000655","19","19","Match","24 of 24","100.0%"
"center drill","All Industrial 10002 | Center Drill #2 60 Degree High Speed Steel M2 Combined Drill & Countersink","All Industrial 10002 | Center Drill #2 60 Degree High Speed Steel M2 Combined Drill & Countersink","10000656","10000656","20","20","Match","24 of 24","100.0%"
"center drill","All Industrial 10003 | Center Drill #3 60 Degree High Speed Steel M2 Combined Drill & Countersink","All Industrial 10003 | Center Drill #3 60 Degree High Speed Steel M2 Combined Drill & Countersink","10000657","10000657","21","21","Match","24 of 24","100.0%"
"center drill","All Industrial 10004 | Center Drill #4 60 Degree High Speed Steel M2 Combined Drill & Countersink","All Industrial 10004 | Center Drill #4 60 Degree High Speed Steel M2 Combined Drill & Countersink","10000658","10000658","22","22","Match","24 of 24","100.0%"
"center drill","All Industrial 10005 | Center Drill #5 60 Degree High Speed Steel M2 Combined Drill & Countersink","All Industrial 10005 | Center Drill #5 60 Degree High Speed Steel M2 Combined Drill & Countersink","10000659","10000659","23","23","Match","24 of 24","100.0%"
"center drill","Tungaloy 6848389 | VDP107L1.60A30-02S04 AH725 1.07mm Diameter x 17.10mm OAL TiAlN Coated Carbide Center Drill Replaceable Milling Tip","Tungaloy 6848389 | VDP107L1.60A30-02S04 AH725 1.07mm Diameter x 17.10mm OAL TiAlN Coated Carbide Center Drill Replaceable Milling Tip","23157429","23157429","24","24","Match","24 of 24","100.0%"
"center drill","Tungaloy 6859278 | VDP412L05.9A30-02S06 AH725 4.120mm Diameter x 25.65mm OAL TiAlN Coated Carbide Center Drill Replaceable Milling Tip","Tungaloy 6859278 | VDP412L05.9A30-02S06 AH725 4.120mm Diameter x 25.65mm OAL TiAlN Coated Carbide Center Drill Replaceable Milling Tip","23137521","23137521","25","25","Match","24 of 24","100.0%"
"center drill","Tungaloy 6848188 | VDP409L5.60B30-02S08 AH725 4.09mm Diameter x 30.95mm OAL TiAlN Coated Carbide Center Drill Replaceable Milling Tip","Tungaloy 6848188 | VDP409L5.60B30-02S08 AH725 4.09mm Diameter x 30.95mm OAL TiAlN Coated Carbide Center Drill Replaceable Milling Tip","23157414","23157414","26","26","Match","24 of 24","100.0%"
"center drill","Tungaloy 6848470 | VDP165L2.40A30-02S04 AH725 1.65mm Diameter x 17.10mm OAL TiAlN Coated Carbide Center Drill Replaceable Milling Tip","Tungaloy 6848470 | VDP165L2.40A30-02S04 AH725 1.65mm Diameter x 17.10mm OAL TiAlN Coated Carbide Center Drill Replaceable Milling Tip","23157430","23157430","27","27","Match","24 of 24","100.0%"
"center drill","Tungaloy 6859311 | VDP513L07.2A30-02S08 AH725 5.13mm Diameter x 30.95mm OAL TiAlN Coated Carbide Center Drill Replaceable Milling Tip","Tungaloy 6859311 | VDP513L07.2A30-02S08 AH725 5.13mm Diameter x 30.95mm OAL TiAlN Coated Carbide Center Drill Replaceable Milling Tip","23137550","23137550","28","28","Match","24 of 24","100.0%"
"center drill","Tungaloy 6848183 | VDP324L4.38B30-02S08 AH725 3.24mm Diameter x 30.95mm OAL TiAlN Coated Carbide Center Drill Replaceable Milling Tip","Tungaloy 6848183 | VDP324L4.38B30-02S08 AH725 3.24mm Diameter x 30.95mm OAL TiAlN Coated Carbide Center Drill Replaceable Milling Tip","23157413","23157413","29","29","Match","24 of 24","100.0%"
"center drill","Tungaloy 6848192 | VDP509L6.89B30-02S12 AH725 5.09mm Diameter x 39.30mm OAL TiAlN Coated Carbide Center Drill Replaceable Milling Tip","Tungaloy 6848192 | VDP509L6.89B30-02S12 AH725 5.09mm Diameter x 39.30mm OAL TiAlN Coated Carbide Center Drill Replaceable Milling Tip","23157415","23157415","30","30","Match","24 of 24","100.0%"
"center drill","Tungaloy 6848474 | VDP207L2.90A30-02S04 AH725 2.070mm Diameter x 17.10mm OAL TiAlN Coated Carbide Center Drill Replaceable Milling Tip","Tungaloy 6848474 | VDP207L2.90A30-02S04 AH725 2.070mm Diameter x 17.10mm OAL TiAlN Coated Carbide Center Drill Replaceable Milling Tip","23157431","23157431","31","31","Match","24 of 24","100.0%"
"center drill","Tungaloy 6859277 | VDP328L04.6A30-02S05 AH725 3.280mm Diameter x 22.10mm OAL TiAlN Coated Carbide Center Drill Replaceable Milling Tip","Tungaloy 6859277 | VDP328L04.6A30-02S05 AH725 3.280mm Diameter x 22.10mm OAL TiAlN Coated Carbide Center Drill Replaceable Milling Tip","23137520","23137520","32","32","Match","24 of 24","100.0%"
"center drill","Tungaloy 6859312 | VDP646L08.9A30-02S10 AH725 6.46mm Diameter x 39.75mm OAL TiAlN Coated Carbide Center Drill Replaceable Milling Tip","Tungaloy 6859312 | VDP646L08.9A30-02S10 AH725 6.46mm Diameter x 39.75mm OAL TiAlN Coated Carbide Center Drill Replaceable Milling Tip","23026352","23026352","33","33","Match","24 of 24","100.0%"
"center drill","Tungaloy 6848195 | VDP641L8.63B30-02S12 AH725 6.41mm Diameter x 39.30mm OAL TiAlN Coated Carbide Center Drill Replaceable Milling Tip","Tungaloy 6848195 | VDP641L8.63B30-02S12 AH725 6.41mm Diameter x 39.30mm OAL TiAlN Coated Carbide Center Drill Replaceable Milling Tip","23157416","23157416","34","34","Match","24 of 24","100.0%"
"center drill","All Industrial 49980 | Drift / Center Key MT1 for Drill Chucks","All Industrial 49980 | Drift / Center Key MT1 for Drill Chucks","40000528","40000528","35","35","Match","24 of 24","100.0%"
"center drill","All Industrial 49982 | Drift / Center Key MT2 for Drill Chucks","All Industrial 49982 | Drift / Center Key MT2 for Drill Chucks","40000529","40000529","36","36","Match","24 of 24","100.0%"
"center drill","All Industrial 49984 | Drift / Center Key MT3 for Drill Chucks","All Industrial 49984 | Drift / Center Key MT3 for Drill Chucks","40000530","40000530","37","37","Match","24 of 24","100.0%"
"center drill","All Industrial 49986 | Drift / Center Key MT4/5/6 for Drill Chucks","All Industrial 49986 | Drift / Center Key MT4/5/6 for Drill Chucks","40000531","40000531","38","38","Match","24 of 24","100.0%"




Product Presence by Query:
"123 block": 8/8 products found (100.0%)
"boring bar": 100/100 products found (100.0%)
"v block": 50/50 products found (100.0%)
"boring head": 100/100 products found (100.0%)
"246 block": 2/2 products found (100.0%)
"center drill": 38/38 products found (100.0%)
"chamfer mill": 0/100 products found (0.0%)
"rotary table": 0/11 products found (0.0%)
"carbide tipped": 0/100 products found (0.0%)
"reamer": 0/100 products found (0.0%)
